Source_file,Ref_video,  Resolution, Color_encoding, Aggregate_vmaf, Subject_score, PSNR, SSIM, MS_SSIM, frame,blockiness, spatialactivity, letterbox, pillarbox, blockloss, blur, temporalact, blockout, freezing, exposure, contrast, brightness, interlace,noise,slice, flickering,fps
src01_hrc18, src01_hrc00_, 640x480, yuv422p, 38.5574290641, 2.407407407, 26.952956, 0.804603, 0.901231, 480, 1.05000202083, 37.7844273125, 0,0, 0, 0, 50.0083132708, 0, 0,129.989583333, 35.9501173125, 0.626340166667 ,31.5132916667, 4.62183958333, -0.859635416667, #DIV/0!, 30
src01_hrc13, src01_hrc00_, 640x480, yuv422p, 91.0749818504, 4.481481481, 39.526505, 0.988825, 0.995456, 480, 1.05201777083, 55.7545675625, 0,0, 0, 0, 52.186158125, 0, 0,130.295833333, 37.4928473125, 0.638408791667 ,32.1743541667, 5.53845833333, -0.859635416667, #DIV/0!, 30
src01_hrc23, src01_hrc00_, 640x480, yuv422p, 64.9627770958, 2.333333333, 32.060784, 0.943648, 0.972117, 480, 1.04635566667, 51.2325033958, 0,0, 0, 0, 51.3320521042, 0, 0,130.629166667, 36.8971929583, 0.642806854167 ,31.7431666667, 5.98603333333, -0.859635416667, #DIV/0!, 30
src01_hrc11, src01_hrc00_, 640x480, yuv422p, 63.1312933919, 2.333333333, 31.780468, 0.939794, 0.969953, 480, 1.047586875, 51.2386630208, 0,0, 0, 0, 51.3544435417, 0, 0,130.370833333, 36.901097125, 0.562548520833 ,31.5939166667, 4.9451125, -0.859635416667, #DIV/0!, 30
src01_hrc28, src01_hrc00_, 640x480, yuv422p, 43.965173789, 1.111111111, 29.189854, 0.804681, 0.883513, 480, 1.04893766667, 41.3374518958, 0,0, 0, 0, 49.6476234375, 0, 0,129.9375, 35.7229939583, 0.542814708333 ,31.5621666667, 5.36920416667, -0.859635416667, #DIV/0!, 30
src01_hrc06, src01_hrc00_, 640x480, yuv422p, 81.4243871341, 3.518518519, 35.628258, 0.973579, 0.988312, 480, 1.05113804167, 53.9720027708, 0,0, 0, 0, 51.9306779167, 0, 0,130.289583333, 37.3033007708, 0.6204638125 ,31.8135625, 5.06974583333, -0.859635416667, #DIV/0!, 30
src01_hrc17, src01_hrc00_, 640x480, yuv422p, 45.5525560601, 2.888888889, 27.497994, 0.827574, 0.916398, 480, 1.05115210417, 39.1413872083, 0,0, 0, 0, 50.3235138125, 0, 0,129.7375, 36.1869053125, 0.66562875 ,31.6203125, 6.40562083333, -0.859635416667, #DIV/0!, 30
src01_hrc08, src01_hrc00_, 640x480, yuv422p, 52.7120800659, 2.222222222, 29.339778, 0.888969, 0.945867, 480, 1.0504718125, 45.4823387708, 0,0, 0, 0, 50.6309457292, 0, 0,129.841666667, 36.4021174583, 0.619875104167 ,31.921375, 5.16134583333, -0.859635416667, #DIV/0!, 30
src01_hrc07, src01_hrc00_, 640x480, yuv422p, 66.0828833369, 2.481481481, 32.046218, 0.941646, 0.971796, 480, 1.050101875, 50.7365150833, 0,0, 0, 0, 51.402571, 0, 0,130.30625, 36.9359910208, 0.606263104167 ,31.765375, 5.26203958333, -0.859635416667, #DIV/0!, 30
src01_hrc03, src01_hrc00_, 640x480, yuv422p, 71.6501199294, 3.259259259, 32.646348, 0.947387, 0.976425, 480, 1.05129133333, 50.4454929167, 0,0, 0, 0, 51.508651, 0, 0,129.958333333, 37.0216561458, 0.6460655625 ,31.7903333333, 6.50874791667, -0.859635416667, #DIV/0!, 30
src01_hrc21, src01_hrc00_, 640x480, yuv422p, 92.1421778436, 4.333333333, 39.877643, 0.989676, 0.995822, 480, 1.05221741667, 56.1000138958, 0,0, 0, 0, 52.2481235208, 0, 0,130.25, 37.5409174375, 0.669150666667 ,32.118375, 5.96790208333, -0.859635416667, #DIV/0!, 30
src01_hrc04, src01_hrc00_, 640x480, yuv422p, 59.7999488947, 2.777777778, 29.896556, 0.899036, 0.953701, 480, 1.05127591667, 45.5902869583, 0,0, 0, 0, 50.8000550417, 0, 0,129.679166667, 36.5303019583, 0.661102354167 ,31.8220625, 6.43730208333, -0.859635416667, #DIV/0!, 30
src01_hrc12, src01_hrc00_, 640x480, yuv422p, 43.3575792082, 1.555555556, 28.475412, 0.874409, 0.932857, 480, 1.04704016667, 45.997422, 0,0, 0, 0, 50.4252828958, 0, 0,130.314583333, 36.2501793542, 0.566463166667 ,31.3878125, 5.26338125, -0.859635416667, #DIV/0!, 30
src01_hrc16, src01_hrc00_, 640x480, yuv422p, 39.3971940494, 1.518518519, 28.019220, 0.867595, 0.925978, 480, 1.04759358333, 46.3585461875, 0,0, 0, 0, 50.2410439167, 0, 0,130.36875, 36.073397, 0.478740604167 ,31.6169375, 4.65467083333, -0.859635416667, #DIV/0!, 30
src01_hrc10, src01_hrc00_, 640x480, yuv422p, 80.949811068, 3.777777778, 35.623901, 0.973637, 0.988328, 480, 1.051111875, 54.1644422083, 0,0, 0, 0, 51.9159345208, 0, 0,130.372916667, 37.2923400208, 0.6246928125 ,31.5185625, 5.40705416667, -0.859635416667, #DIV/0!, 30
src01_hrc02, src01_hrc00_, 640x480, yuv422p, 82.6694675016, 3.740740741, 35.736652, 0.973727, 0.988628, 480, 1.05135729167, 53.7780417292, 0,0, 0, 0, 51.9897168125, 0, 0,130.23125, 37.3523610625, 0.633553541667 ,31.8138125, 5.8568625, -0.859635416667, #DIV/0!, 30
src01_hrc24, src01_hrc00_, 640x480, yuv422p, 40.3412563581, 1.37037037, 28.345644, 0.875137, 0.930675, 480, 1.04689358333, 45.54382125, 0,0, 0, 0, 50.162511375, 0, 0,130.789583333, 36.0498846875, 0.618736958333 ,31.5182291667, 6.06650833333, -0.859635416667, #DIV/0!, 30
src01_hrc09, src01_hrc00_, 640x480, yuv422p, 90.9074452383, 4.111111111, 39.495859, 0.988774, 0.995423, 480, 1.052029875, 55.70893325, 0,0, 0, 0, 52.1823559167, 0, 0,130.297916667, 37.4897837917, 0.639890229167 ,31.9404166667, 5.71334166667, -0.859635416667, #DIV/0!, 30
src01_hrc20, src01_hrc00_, 640x480, yuv422p, 16.838796504, 1.037037037, 24.555525, 0.698631, 0.816020, 480, 1.04804466667, 32.8651669583, 0,0, 0, 0, 48.0374328958, 0, 0,129.56875, 34.6042206875, 0.4948158125 ,31.06975, 4.34298125, -0.859635416667, #DIV/0!, 30
src01_hrc14, src01_hrc00_, 640x480, yuv422p, 81.6186734205, 3.62962963, 35.656782, 0.973798, 0.988459, 480, 1.0504055625, 54.32492875, 0,0, 0, 0, 51.9223624375, 0, 0,130.43125, 37.297900625, 0.623883895833 ,31.6615208333, 5.77112083333, -0.859635416667, #DIV/0!, 30
src01_hrc15, src01_hrc00_, 640x480, yuv422p, 63.1417615769, 2.148148148, 31.810959, 0.940085, 0.970177, 480, 1.04770445833, 51.4284865208, 0,0, 0, 0, 51.3461070417, 0, 0,130.58125, 36.893593875, 0.51783425 ,32.0231041667, 4.68082708333, -0.859635416667, #DIV/0!, 30
src01_hrc19, src01_hrc00_, 640x480, yuv422p, 27.9897196619, 1.407407407, 25.952748, 0.762577, 0.869887, 480, 1.04579791667, 36.04315825, 0,0, 0, 0, 49.4003823125, 0, 0,130.26875, 35.5313713542, 0.5779604375 ,31.4131875, 4.9991625, -0.859635416667, #DIV/0!, 30
src01_hrc01, src01_hrc00_, 640x480, yuv422p, 91.1267536005, 4.111111111, 39.429889, 0.988496, 0.995307, 480, 1.05256070833, 55.573275125, 0,0, 0, 0, 52.1969014583, 0, 0,130.210416667, 37.503014125, 0.63307075 ,32.1187291667, 5.51492083333, -0.859635416667, #DIV/0!, 30
src01_hrc22, src01_hrc00_, 640x480, yuv422p, 82.9381401898, 3.703703704, 35.972315, 0.975690, 0.989374, 480, 1.0506731875, 54.4697661667, 0,0, 0, 0, 51.98011775, 0, 0,130.420833333, 37.3460782708, 0.659012979167 ,31.7535625, 7.06716666667, -0.859635416667, #DIV/0!, 30
src01_hrc05, src01_hrc00_, 640x480, yuv422p, 90.8826331977, 4.148148148, 39.466325, 0.988670, 0.995381, 480, 1.0526424375, 55.6265811667, 0,0, 0, 0, 52.1740646667, 0, 0,130.289583333, 37.4855449375, 0.635422666667 ,32.0169583333, 5.29002291667, -0.859635416667, #DIV/0!, 30
src10_hrc03, src10_hrc00_, 640x480, yuv422p, 65.7545422873, 2.037037037, 32.377830, 0.928242, 0.968829, 480, 1.04380052083, 61.85194525, 0,0, 0, 0.00416666666667, 39.4201953542, 0, 0,114.345833333, 32.7523665417, 0.610770666667 ,31.7278333333, 13.2944458333, -0.859635416667, #DIV/0!, 30
src10_hrc17, src10_hrc00_, 640x480, yuv422p, 44.6327139531, 2.481481481, 30.308473, 0.898098, 0.951997, 480, 1.04588904167, 58.2231781458, 0,0, 0, 0, 38.9740125625, 0, 0,114.54375, 32.4333208125, 0.614591916667 ,31.7078541667, 15.1933458333, -0.859635416667, #DIV/0!, 30
src10_hrc24, src10_hrc00_, 640x480, yuv422p, 30.6134970268, 1.037037037, 28.785770, 0.866722, 0.916669, 480, 1.04848145833, 57.9907217708, 0,0, 0, 0, 37.4435791667, 0, 0,113.895833333, 31.6504012083, 0.646270395833 ,31.1784375, 56.7319520833, -0.859635416667, #DIV/0!, 30
src10_hrc19, src10_hrc00_, 640x480, yuv422p, 23.2778763478, 1.037037037, 28.132272, 0.847434, 0.906498, 480, 1.05281408333, 55.7722741458, 0,0, 0, 0, 37.4770303958, 0, 0,114.0625, 31.6454279583, 0.6210875 ,31.1020416667, 95.1607104167, -0.859635416667, #DIV/0!, 30
src10_hrc10, src10_hrc00_, 640x480, yuv422p, 73.6669257907, 2.777777778, 35.016294, 0.960771, 0.982101, 480, 1.04497539583, 65.2585394375, 0,0, 0, 0, 40.0377310417, 0, 0,114.735416667, 33.061959375, 0.589341854167 ,32.2438541667, 18.1689291667, -0.859635416667, #DIV/0!, 30
src10_hrc02, src10_hrc00_, 640x480, yuv422p, 77.6150106346, 2.962962963, 35.089216, 0.960453, 0.982550, 480, 1.0435403125, 65.20056075, 0,0, 0, 0, 40.2216512917, 0, 0,114.51875, 33.174774875, 0.5814021875 ,32.2585416667, 11.4379604167, -0.859635416667, #DIV/0!, 30
src10_hrc13, src10_hrc00_, 640x480, yuv422p, 86.8368874319, 4.185185185, 38.922108, 0.983206, 0.992966, 480, 1.04265541667, 66.895542375, 0,0, 0, 0, 40.4962631042, 0, 0,114.527083333, 33.3578234375, 0.563328166667 ,32.50375, 10.30659375, -0.859635416667, #DIV/0!, 30
src10_hrc14, src10_hrc00_, 640x480, yuv422p, 73.758372334, 3, 35.013659, 0.960621, 0.982052, 480, 1.0436055625, 65.1376680833, 0,0, 0, 0, 40.0507207917, 0, 0,114.66875, 33.0704964792, 0.592185729167 ,32.3122291667, 25.7719916667, -0.859635416667, #DIV/0!, 30
src10_hrc04, src10_hrc00_, 640x480, yuv422p, 55.5653110118, 2, 30.918762, 0.904560, 0.958484, 480, 1.04577125, 58.4841394167, 0,0, 0, 0, 38.5382737292, 0, 0,114.075, 32.2584261875, 0.6310175625 ,31.3831458333, 12.95525, -0.859635416667, #DIV/0!, 30
src10_hrc07, src10_hrc00_, 640x480, yuv422p, 56.8657314845, 1.740740741, 31.676983, 0.919753, 0.959783, 480, 1.04595802083, 62.2412074167, 0,0, 0, 0.00208333333333, 39.3210705833, 0, 0,114.44375, 32.6733304375, 0.609376166667 ,31.8055, 13.0513916667, -0.859635416667, #DIV/0!, 30
src10_hrc22, src10_hrc00_, 640x480, yuv422p, 76.539211793, 3.037037037, 35.395214, 0.964290, 0.983779, 480, 1.04318083333, 65.9743850208, 0,0, 0, 0, 40.2475042083, 0, 0,114.670833333, 33.1704512083, 0.572971145833 ,32.2818333333, 33.8711875, -0.859635416667, #DIV/0!, 30
src10_hrc09, src10_hrc00_, 640x480, yuv422p, 86.8037434173, 4.074074074, 38.919536, 0.983165, 0.992956, 480, 1.04275560417, 66.8814981875, 0,0, 0, 0.00208333333333, 40.4965168333, 0, 0,114.541666667, 33.3557851667, 0.5635631875 ,32.4266875, 12.1233791667, -0.859635416667, #DIV/0!, 30
src10_hrc21, src10_hrc00_, 640x480, yuv422p, 89.0217334125, 4.111111111, 39.482184, 0.985342, 0.993766, 480, 1.04225529167, 67.552721, 0,0, 0, 0, 40.6636144375, 0, 0,114.466666667, 33.4594287917, 0.580117729167 ,32.6117916667, 18.2840020833, -0.859635416667, #DIV/0!, 30
src10_hrc05, src10_hrc00_, 640x480, yuv422p, 86.9752929822, 3.925925926, 38.897638, 0.983081, 0.992904, 480, 1.04313460417, 66.9095667708, 0,0, 0, 0, 40.5029199167, 0, 0,114.525, 33.3584612708, 0.563915583333 ,32.47425, 7.65105208333, -0.859635416667, #DIV/0!, 30
src10_hrc28, src10_hrc00_, 640x480, yuv422p, 40.8185829166, 1.074074074, 30.259765, 0.880905, 0.916633, 480, 1.052136375, 58.6470700833, 0,0, 0, 0, 37.591490625, 0, 0,113.697916667, 31.7654140833, 0.640576125 ,31.3582916667, 49.8502166667, -0.859635416667, #DIV/0!, 30
src10_hrc15, src10_hrc00_, 640x480, yuv422p, 51.7860839579, 1.62962963, 31.495961, 0.919439, 0.957555, 480, 1.04822047917, 62.2279168958, 0,0, 0, 0, 39.0376675417, 0, 0,114.608333333, 32.5489377917, 0.608381229167 ,31.8635833333, 26.355225, -0.859635416667, #DIV/0!, 30
src10_hrc23, src10_hrc00_, 640x480, yuv422p, 53.661445596, 1.62962963, 31.704295, 0.922654, 0.959700, 480, 1.04498791667, 62.6167851042, 0,0, 0, 0, 39.1734050625, 0, 0,114.489583333, 32.5913804167, 0.654647083333 ,31.9036875, 35.2131020833, -0.859635416667, #DIV/0!, 30
src10_hrc08, src10_hrc00_, 640x480, yuv422p, 45.3589575022, 1.444444444, 30.108495, 0.889260, 0.944957, 480, 1.04729427083, 58.2260404583, 0,0, 0, 0, 38.3066998542, 0, 0,114.022916667, 32.107915875, 0.6325539375 ,31.4338125, 15.60671875, -0.859635416667, #DIV/0!, 30
src10_hrc11, src10_hrc00_, 640x480, yuv422p, 52.5691297328, 1.62962963, 31.481878, 0.919082, 0.957346, 480, 1.04957258333, 62.5341303333, 0,0, 0, 0.00208333333333, 39.106316125, 0, 0,114.579166667, 32.5673752083, 0.589684604167 ,31.8466458333, 23.8744458333, -0.859635416667, #DIV/0!, 30
src10_hrc20, src10_hrc00_, 640x480, yuv422p, 16.7152917248, 1, 26.805938, 0.822771, 0.868692, 480, 1.05841397917, 53.8029567292, 0,0, 0, 0, 35.7693197917, 0, 0,113.045833333, 30.8064992708, 0.6861405 ,30.6577291667, 63.0246958333, -0.859635416667, #DIV/0!, 30
src10_hrc06, src10_hrc00_, 640x480, yuv422p, 74.7169774457, 3.111111111, 35.024988, 0.960757, 0.982156, 480, 1.04532364583, 65.30505425, 0,0, 0, 0, 40.1089226667, 0, 0,114.647916667, 33.0960155, 0.5804583125 ,32.2718125, 10.1764625, -0.859635416667, #DIV/0!, 30
src10_hrc18, src10_hrc00_, 640x480, yuv422p, 34.3529008244, 1.814814815, 29.418315, 0.876467, 0.935550, 480, 1.04762670833, 57.1343082708, 0,0, 0, 0, 38.4897558333, 0, 0,114.504166667, 32.12411175, 0.621503770833 ,31.5146041667, 32.3662791667, -0.859635416667, #DIV/0!, 30
src10_hrc01, src10_hrc00_, 640x480, yuv422p, 87.5129762756, 4.074074074, 38.884674, 0.982914, 0.992829, 480, 1.0427151875, 66.9289231042, 0,0, 0, 0, 40.548175875, 0, 0,114.502083333, 33.3853885833, 0.559331083333 ,32.4679791667, 8.81904583333, -0.859635416667, #DIV/0!, 30
src10_hrc16, src10_hrc00_, 640x480, yuv422p, 30.8988873454, 1.185185185, 28.612420, 0.865407, 0.914076, 480, 1.05129714583, 58.449579, 0,0, 0, 0.00416666666667, 37.2952382917, 0, 0,114.135416667, 31.51251125, 0.650361145833 ,30.9924166667, 32.715475, -0.859635416667, #DIV/0!, 30
src10_hrc12, src10_hrc00_, 640x480, yuv422p, 34.4754773873, 1.037037037, 28.984252, 0.869583, 0.922333, 480, 1.05073483333, 58.6495589375, 0,0, 0, 0.00208333333333, 37.8675391458, 0, 0,114.008333333, 31.885051, 0.617353270833 ,31.1736875, 40.8933145833, -0.859635416667, #DIV/0!, 30
src11_hrc07, src11_hrc00_, 640x480, yuv422p, 67.6908071359, 2.074074074, 33.806408, 0.951720, 0.974275, 480, 1.0544210625, 34.5593766667, 0,0, 0, 0, 35.0240455208, 0, 0,114.275, 30.415499375, 0.624117354167 ,24.5139791667, 25.3060145833, -0.859635416667, #DIV/0!, 30
src11_hrc24, src11_hrc00_, 640x480, yuv422p, 36.6634953385, 1.111111111, 30.241308, 0.907095, 0.936996, 480, 1.06581079167, 32.7255432917, 0,0, 0, 0.0208333333333, 33.6182051875, 0, 0,114.160416667, 29.727903, 0.666160125 ,24.3327291667, 36.6345875, -0.859635416667, #DIV/0!, 30
src11_hrc12, src11_hrc00_, 640x480, yuv422p, 42.5669622104, 1.222222222, 30.667061, 0.911866, 0.944922, 480, 1.056972, 32.17501675, 0,0, 0, 0, 34.0781372083, 0, 0,114.183333333, 29.9557963958, 0.624693208333 ,24.2761875, 32.1019375, -0.859635416667, #DIV/0!, 30
src11_hrc03, src11_hrc00_, 640x480, yuv422p, 75.5469049285, 2.814814815, 34.797556, 0.959750, 0.981044, 480, 1.05405152083, 34.4803195833, 0,0, 0, 0, 35.2099205208, 0, 0,114.14375, 30.5221971667, 0.654684083333 ,24.7681666667, 23.01180625, -0.859635416667, #DIV/0!, 30
src11_hrc09, src11_hrc00_, 640x480, yuv422p, 90.3064909969, 4.333333333, 40.837817, 0.989720, 0.995108, 480, 1.05258445833, 37.9523154167, 0,0, 0, 0, 35.6376658958, 0, 0,114.235416667, 30.7384106875, 0.617824770833 ,24.9391875, 19.0011020833, -0.859635416667, #DIV/0!, 30
src11_hrc17, src11_hrc00_, 640x480, yuv422p, 55.7472022946, 2.814814815, 31.888389, 0.933336, 0.965205, 480, 1.05573672917, 31.8756394375, 0,0, 0, 0, 34.9562170208, 0, 0,114.172916667, 30.3488255, 0.6573678125 ,24.5646458333, 23.7069958333, -0.859635416667, #DIV/0!, 30
src11_hrc11, src11_hrc00_, 640x480, yuv422p, 62.7513091919, 1.814814815, 33.473739, 0.950144, 0.971704, 480, 1.0547554375, 34.7722437292, 0,0, 0, 0, 34.7709930417, 0, 0,114.375, 30.3404877083, 0.6176423125 ,24.5220416667, 33.2832395833, -0.859635416667, #DIV/0!, 30
src11_hrc13, src11_hrc00_, 640x480, yuv422p, 90.4328215337, 4.296296296, 40.838546, 0.989721, 0.995107, 480, 1.0524259375, 37.989779375, 0,0, 0, 0, 35.643253, 0, 0,114.19375, 30.7405408125, 0.6222343125 ,24.9498333333, 18.2384291667, -0.859635416667, #DIV/0!, 30
src11_hrc05, src11_hrc00_, 640x480, yuv422p, 90.4927078604, 4.333333333, 40.774340, 0.989553, 0.995024, 480, 1.052235625, 37.9216086458, 0,0, 0, 0, 35.643312, 0, 0,114.1875, 30.7342817917, 0.623278229167 ,24.9167083333, 16.8169145833, -0.859635416667, #DIV/0!, 30
src11_hrc15, src11_hrc00_, 640x480, yuv422p, 62.3651756968, 1.851851852, 33.525817, 0.951460, 0.972089, 480, 1.05895958333, 35.5078391042, 0,0, 0, 0, 34.7322725625, 0, 0,114.54375, 30.3264299375, 0.636394083333 ,24.6290208333, 19.8700958333, -0.859635416667, #DIV/0!, 30
src11_hrc23, src11_hrc00_, 640x480, yuv422p, 62.9751521227, 1.888888889, 33.629037, 0.952175, 0.972670, 480, 1.05855395833, 34.8404776458, 0,0, 0, 0, 34.7562808125, 0, 0,114.460416667, 30.3264175625, 0.608205020833 ,24.4835833333, 23.5246145833, -0.859635416667, #DIV/0!, 30
src11_hrc06, src11_hrc00_, 640x480, yuv422p, 81.6626978745, 3.296296296, 37.087998, 0.976652, 0.988146, 480, 1.05390008333, 36.7207440208, 0,0, 0, 0, 35.415523375, 0, 0,114.245833333, 30.5983040417, 0.62058625 ,24.9202291667, 20.4231416667, -0.859635416667, #DIV/0!, 30
src11_hrc21, src11_hrc00_, 640x480, yuv422p, 91.3619079045, 4.296296296, 40.963207, 0.990012, 0.995117, 480, 1.05346427083, 38.1968207917, 0,0, 0, 0, 35.7089460417, 0, 0,114.164583333, 30.7726828333, 0.6632561875 ,24.960375, 17.5196, -0.859635416667, #DIV/0!, 30
src11_hrc10, src11_hrc00_, 640x480, yuv422p, 80.796059316, 3.444444444, 37.160864, 0.977256, 0.988361, 480, 1.0543440625, 36.8782858542, 0,0, 0, 0, 35.3473168542, 0, 0,114.272916667, 30.5819207083, 0.6275564375 ,24.9561666667, 21.2025145833, -0.859635416667, #DIV/0!, 30
src11_hrc19, src11_hrc00_, 640x480, yuv422p, 31.930412664, 1.222222222, 29.534625, 0.890748, 0.929865, 480, 1.05692720833, 29.8318752292, 0,0, 0, 0, 33.7538828125, 0, 0,114.247916667, 29.786749375, 0.623811291667 ,23.6915208333, 29.9815895833, -0.859635416667, #DIV/0!, 30
src11_hrc08, src11_hrc00_, 640x480, yuv422p, 57.2119466173, 2.148148148, 32.202380, 0.931262, 0.963670, 480, 1.0564695, 31.9876168542, 0,0, 0, 0, 34.6036048125, 0, 0,114.270833333, 30.1833577083, 0.632104208333 ,24.2463333333, 29.8326083333, -0.859635416667, #DIV/0!, 30
src11_hrc02, src11_hrc00_, 640x480, yuv422p, 83.836628428, 3.444444444, 37.257661, 0.976838, 0.988750, 480, 1.0535163125, 36.5517196875, 0,0, 0, 0, 35.509732, 0, 0,114.158333333, 30.666376875, 0.645413458333 ,24.7592916667, 22.4487791667, -0.859635416667, #DIV/0!, 30
src11_hrc18, src11_hrc00_, 640x480, yuv422p, 47.1282827369, 2.037037037, 31.009244, 0.917778, 0.954114, 480, 1.0567715, 31.0080792708, 0,0, 0, 0, 34.5633480417, 0, 0,114.3375, 30.1348143333, 0.6320980625 ,24.6336666667, 26.84859375, -0.859635416667, #DIV/0!, 30
src11_hrc28, src11_hrc00_, 640x480, yuv422p, 43.8662246104, 1.148148148, 31.507058, 0.898604, 0.921326, 480, 1.06632610417, 32.1895303333, 0,0, 0, 0.0375, 33.4848473333, 0, 0,114.085416667, 29.653578125, 0.643204375 ,24.1470625, 22.88204375, -0.859635416667, #DIV/0!, 30
src11_hrc16, src11_hrc00_, 640x480, yuv422p, 36.3198257747, 1, 30.015100, 0.904648, 0.934410, 480, 1.06628127083, 33.0150343333, 0,0, 0, 0.0729166666667, 33.6126071875, 0, 0,114.29375, 29.6881309792, 0.636998208333 ,23.8701041667, 22.44805, -0.859635416667, #DIV/0!, 30
src11_hrc20, src11_hrc00_, 640x480, yuv422p, 18.3370297126, 1.037037037, 27.505384, 0.852423, 0.881335, 480, 1.0696439375, 29.0201983542, 0,0, 0, 0.0729166666667, 32.3269634375, 0, 0,113.920833333, 29.0494673125, 0.644798416667 ,23.4707083333, 21.7604854167, -0.859635416667, #DIV/0!, 30
src11_hrc04, src11_hrc00_, 640x480, yuv422p, 68.0133785284, 2.444444444, 33.366735, 0.945478, 0.974462, 480, 1.05528189583, 32.3172058333, 0,0, 0, 0, 34.8751570833, 0, 0,114.185416667, 30.3291177708, 0.660922791667 ,24.5717291667, 24.1299270833, -0.859635416667, #DIV/0!, 30
src11_hrc01, src11_hrc00_, 640x480, yuv422p, 90.8413588353, 4.259259259, 40.686834, 0.989243, 0.994874, 480, 1.05313866667, 37.8659475, 0,0, 0, 0, 35.6827899167, 0, 0,114.145833333, 30.7559666875, 0.6384069375 ,24.8886666667, 16.1043229167, -0.859635416667, #DIV/0!, 30
src11_hrc14, src11_hrc00_, 640x480, yuv422p, 80.9699973895, 3.555555556, 37.204955, 0.977424, 0.988448, 480, 1.0549426875, 36.992117375, 0,0, 0, 0.0354166666667, 35.3508020833, 0, 0,114.3, 30.5879228125, 0.6298959375 ,24.6354791667, 20.5959208333, -0.859635416667, #DIV/0!, 30
src11_hrc22, src11_hrc00_, 640x480, yuv422p, 82.0435669095, 3.592592593, 37.369027, 0.978234, 0.988873, 480, 1.0541595625, 36.93397375, 0,0, 0, 0, 35.3977730833, 0, 0,114.175, 30.5845666875, 0.60935925 ,24.9039791667, 24.1814083333, -0.859635416667, #DIV/0!, 30
src13_hrc12, src13_hrc00_, 640x480, yuv422p, 30.6216899094, 1.148148148, 28.071229, 0.851244, 0.917143, 480, 1.09009370833, 32.1375439792, 0,0, 0, 0.00208333333333, 22.3541431667, 0, 0,111.089583333, 25.550161375, 0.591113166667 ,23.3495, 3.679275, -0.859635416667, #DIV/0!, 30
src13_hrc01, src13_hrc00_, 640x480, yuv422p, 85.0817890379, 4.481481481, 38.852796, 0.985843, 0.993499, 480, 1.08686097917, 44.6210105208, 0,0, 0, 0, 25.9094345625, 0, 0,111.49375, 27.1036238125, 0.504531958333 ,24.2531041667, 2.30690625, -0.859635416667, #DIV/0!, 30
src13_hrc23, src13_hrc00_, 640x480, yuv422p, 53.437407871, 2.481481481, 31.303591, 0.925667, 0.962549, 480, 1.08913645833, 38.0246539375, 0,0, 0, 0, 24.0364121667, 0, 0,111.48125, 26.2061912083, 0.562812020833 ,23.8657291667, 4.552825, -0.859635416667, #DIV/0!, 30
src13_hrc08, src13_hrc00_, 640x480, yuv422p, 43.8514311698, 1.62962963, 29.065980, 0.876058, 0.941092, 480, 1.09430108333, 31.9287484375, 0,0, 0, 0.00416666666667, 23.0517117917, 0, 0,110.81875, 25.8637498958, 0.5955630625 ,23.3149166667, 3.23013333333, -0.859635416667, #DIV/0!, 30
src13_hrc18, src13_hrc00_, 640x480, yuv422p, 31.5763612261, 1.703703704, 27.771692, 0.841991, 0.921410, 480, 1.0968243125, 27.5871783125, 0,0, 0, 0, 22.4491199792, 0, 0,110.760416667, 25.4752104583, 0.6018818125 ,22.1984166667, 3.00596041667, -0.859635416667, #DIV/0!, 30
src13_hrc11, src13_hrc00_, 640x480, yuv422p, 52.3758870385, 2.259259259, 31.125747, 0.922430, 0.960181, 480, 1.086948375, 38.1456409583, 0,0, 0, 0.00208333333333, 24.1436904583, 0, 0,111.304166667, 26.2608043333, 0.560890104167 ,23.8115625, 3.0753125, -0.859635416667, #DIV/0!, 30
src13_hrc09, src13_hrc00_, 640x480, yuv422p, 84.5387959674, 4.481481481, 38.904677, 0.986126, 0.993583, 480, 1.0867296875, 44.6471864583, 0,0, 0, 0.00208333333333, 25.8720594167, 0, 0,111.495833333, 27.0897307708, 0.502225708333 ,24.2589791667, 2.2957625, -0.859635416667, #DIV/0!, 30
src13_hrc07, src13_hrc00_, 640x480, yuv422p, 57.3104197128, 2.185185185, 31.201142, 0.923169, 0.963030, 265, 1.09169773585, 38.2294964151, 0,0, 0, 0.00377358490566, 24.2155467547, 0, 0,111.369811321, 26.4179866038, 0.57643845283 ,23.757509434, 3.20867924528, -0.856132075472, #DIV/0!, 30
src13_hrc05, src13_hrc00_, 640x480, yuv422p, 84.6572923894, 4.259259259, 38.876571, 0.985990, 0.993525, 480, 1.086526875, 44.6208671458, 0,0, 0, 0.00208333333333, 25.8761420625, 0, 0,111.4875, 27.0824779167, 0.512738125 ,24.3063541667, 2.2759, -0.859635416667, #DIV/0!, 30
src13_hrc02, src13_hrc00_, 640x480, yuv422p, 75.5137261273, 3.518518519, 35.012082, 0.966659, 0.984799, 480, 1.0884788125, 42.2368713333, 0,0, 0, 0, 25.4640705833, 0, 0,111.302083333, 26.8802788125, 0.513555666667 ,24.1433541667, 2.55252916667, -0.859635416667, #DIV/0!, 30
src13_hrc10, src13_hrc00_, 640x480, yuv422p, 72.7053848981, 3.592592593, 35.012363, 0.967159, 0.984482, 480, 1.0873855, 42.1674984792, 0,0, 0, 0.00208333333333, 25.2421890208, 0, 0,111.502083333, 26.7438517917, 0.538303770833 ,24.0901666667, 2.5738625, -0.859635416667, #DIV/0!, 30
src13_hrc22, src13_hrc00_, 640x480, yuv422p, 74.8653765827, 3.666666667, 35.319599, 0.970015, 0.985788, 480, 1.08837108333, 42.8479449792, 0,0, 0, 0.00208333333333, 25.4501785417, 0, 0,111.283333333, 26.783398, 0.517551229167 ,24.1329583333, 3.72267291667, -0.859635416667, #DIV/0!, 30
src13_hrc16, src13_hrc00_, 640x480, yuv422p, 25.3704236374, 1.111111111, 27.759081, 0.845483, 0.907571, 480, 1.0966773125, 32.411336625, 0,0, 0, 0.00416666666667, 21.5261489167, 0, 0,111.333333333, 25.0296422292, 0.585286270833 ,23.0105625, 3.156375, -0.859635416667, #DIV/0!, 30
src13_hrc24, src13_hrc00_, 640x480, yuv422p, 25.2524838832, 1.074074074, 27.850589, 0.846019, 0.909756, 480, 1.10197104167, 31.4519191667, 0,0, 0, 0, 21.2300231667, 0, 0,111.516666667, 24.9909652292, 0.608413729167 ,23.2330625, 4.28558125, -0.859635416667, #DIV/0!, 30
src13_hrc17, src13_hrc00_, 640x480, yuv422p, 40.4233082505, 2.074074074, 28.380179, 0.864237, 0.937423, 480, 1.0955434375, 29.45972875, 0,0, 0, 0, 23.22168025, 0, 0,110.954166667, 25.8249408542, 0.556643125 ,22.3105, 2.44861041667, -0.859635416667, #DIV/0!, 30
src13_hrc04, src13_hrc00_, 640x480, yuv422p, 53.7831950821, 1.888888889, 29.779338, 0.893129, 0.954657, 480, 1.0941614375, 32.1156133958, 0,0, 0, 0, 23.3732810208, 0, 0,111.141666667, 25.998697125, 0.5588686875 ,23.1375416667, 2.60897291667, -0.859635416667, #DIV/0!, 30
src13_hrc19, src13_hrc00_, 640x480, yuv422p, 17.8261054798, 1.148148148, 26.665364, 0.800199, 0.884685, 480, 1.09497195833, 24.4875525417, 0,0, 0, 0, 20.7380507708, 0, 0,110.972916667, 24.821298, 0.602399229167 ,21.9863958333, 3.78069375, -0.859635416667, #DIV/0!, 30
src13_hrc14, src13_hrc00_, 640x480, yuv422p, 72.8800912813, 3.703703704, 35.049663, 0.967450, 0.984616, 480, 1.087191125, 42.2135251667, 0,0, 0, 0.00416666666667, 25.2392447917, 0, 0,111.445833333, 26.7703810833, 0.527099979167 ,24.1741666667, 2.42902291667, -0.859635416667, #DIV/0!, 30
src13_hrc06, src13_hrc00_, 640x480, yuv422p, 73.7354868471, 3.62962963, 34.974794, 0.966872, 0.984423, 480, 1.08820245833, 42.2033368542, 0,0, 0, 0, 25.3466714167, 0, 0,111.391666667, 26.7992700833, 0.530757020833 ,24.2177291667, 2.66012083333, -0.859635416667, #DIV/0!, 30
src13_hrc03, src13_hrc00_, 640x480, yuv422p, 64.1097646369, 2.518518519, 31.735001, 0.930510, 0.969878, 480, 1.09124997917, 38.1019806667, 0,0, 0, 0, 24.6578026875, 0, 0,111.164583333, 26.5677439792, 0.533988041667 ,23.912875, 2.62502291667, -0.859635416667, #DIV/0!, 30
src13_hrc28, src13_hrc00_, 640x480, yuv422p, 35.2466857567, 1.259259259, 29.338159, 0.838123, 0.885521, 480, 1.10234077083, 30.3239065, 0,0, 0, 0.00625, 20.6141075625, 0, 0,110.735416667, 24.8938301458, 0.576383541667 ,23.1596666667, 3.70382291667, -0.859635416667, #DIV/0!, 30
src13_hrc21, src13_hrc00_, 640x480, yuv422p, 85.7728912774, 4.407407407, 39.283989, 0.987438, 0.994046, 480, 1.08553427083, 45.3400136458, 0,0, 0, 0.00208333333333, 26.0529808542, 0, 0,111.35, 27.1636754167, 0.541018333333 ,24.2310208333, 3.11201458333, -0.859635416667, #DIV/0!, 30
src13_hrc13, src13_hrc00_, 640x480, yuv422p, 84.5756229931, 4.518518519, 38.908021, 0.986115, 0.993579, 480, 1.08636695833, 44.6503062708, 0,0, 0, 0, 25.8763986875, 0, 0,111.483333333, 27.0930870625, 0.502801729167 ,24.256, 2.28621041667, -0.859635416667, #DIV/0!, 30
src13_hrc20, src13_hrc00_, 640x480, yuv422p, 7.92274217474, 1, 25.145893, 0.743428, 0.813454, 480, 1.11035060417, 21.3573840625, 0,0, 0, 0.00208333333333, 17.310346375, 0, 0,110.360416667, 23.50179675, 0.607808208333 ,21.9388958333, 4.63597708333, -0.859635416667, #DIV/0!, 30
src13_hrc15, src13_hrc00_, 640x480, yuv422p, 51.2344592293, 2.259259259, 31.170646, 0.923343, 0.960418, 480, 1.08850977083, 38.166933875, 0,0, 0, 0, 23.9172633958, 0, 0,111.4, 26.1900062917, 0.562230645833 ,23.9281666667, 2.604875, -0.859635416667, #DIV/0!, 30
src02_hrc19, src02_hrc00_, 640x480, yuv422p, 38.3348199435, 1.62962963, 28.407073, 0.886433, 0.932955, 480, 1.01803120833, 37.6196647292, 0,0, 0, 0, 41.4639417708, 0, 0,123.189583333, 35.13418725, 0.810426979167 ,29.6268958333, 2.66043125, -0.859635416667, #DIV/0!, 30
src02_hrc12, src02_hrc00_, 640x480, yuv422p, 52.3091585922, 1.703703704, 30.188084, 0.917932, 0.952665, 480, 1.01925625, 41.4942340417, 0,0, 0, 0, 41.9547613333, 0, 0,123.158333333, 35.4507059375, 0.809622666667 ,30.0344583333, 2.85536041667, -0.859635416667, #DIV/0!, 30
src02_hrc08, src02_hrc00_, 640x480, yuv422p, 64.7857248823, 2.518518519, 31.718673, 0.935650, 0.968418, 480, 1.0205125, 41.5367418542, 0,0, 0, 0, 42.3778726458, 0, 0,123.414583333, 35.6918160417, 0.818746041667 ,30.6772916667, 3.41149375, -0.859635416667, #DIV/0!, 30
src02_hrc14, src02_hrc00_, 640x480, yuv422p, 85.6029772021, 3.925925926, 37.185298, 0.981254, 0.990503, 480, 1.02211797917, 45.7338075625, 0,0, 0, 0, 43.0298194167, 0, 0,123.58125, 36.0492802083, 0.800132395833 ,30.9709166667, 3.6971375, -0.859635416667, #DIV/0!, 30
src02_hrc16, src02_hrc00_, 640x480, yuv422p, 46.9818615563, 1.37037037, 29.609273, 0.912830, 0.945593, 480, 1.01863777083, 41.6871699375, 0,0, 0, 0, 41.5110005208, 0, 0,123.139583333, 35.1399954375, 0.819569791667 ,29.9419166667, 2.95090416667, -0.859635416667, #DIV/0!, 30
src02_hrc03, src02_hrc00_, 640x480, yuv422p, 80.5200705694, 3.444444444, 34.618748, 0.964956, 0.984082, 480, 1.02222858333, 44.0591542083, 0,0, 0, 0, 42.9539028125, 0, 0,123.366666667, 36.0497055, 0.799518708333 ,31.1122083333, 3.1156625, -0.859635416667, #DIV/0!, 30
src02_hrc10, src02_hrc00_, 640x480, yuv422p, 85.5666350574, 3.740740741, 37.137471, 0.981057, 0.990426, 480, 1.0222700625, 45.7125793958, 0,0, 0, 0, 43.0390621667, 0, 0,123.447916667, 36.0473614792, 0.8024710625 ,31.2881875, 3.39160833333, -0.859635416667, #DIV/0!, 30
src02_hrc06, src02_hrc00_, 640x480, yuv422p, 85.9275398735, 3.740740741, 37.052870, 0.980466, 0.990169, 480, 1.02239466667, 45.7651912083, 0,0, 0, 0, 43.0986995208, 0, 0,123.460416667, 36.0860473333, 0.797519791667 ,30.9553125, 3.55702083333, -0.859635416667, #DIV/0!, 30
src02_hrc01, src02_hrc00_, 640x480, yuv422p, 94.179492509, 4.444444444, 40.815631, 0.991240, 0.995799, 480, 1.02339983333, 46.9646358958, 0,0, 0, 0, 43.351995625, 0, 0,123.4375, 36.2468183125, 0.789900895833 ,31.192375, 3.17006666667, -0.859635416667, #DIV/0!, 30
src02_hrc28, src02_hrc00_, 640x480, yuv422p, 49.5092965259, 1.407407407, 30.986739, 0.901655, 0.931895, 480, 1.01823066667, 39.8998327917, 0,0, 0, 0, 41.344934125, 0, 0,122.989583333, 35.00955075, 0.814284395833 ,29.9126041667, 3.13031458333, -0.859635416667, #DIV/0!, 30
src02_hrc18, src02_hrc00_, 640x480, yuv422p, 51.3047275822, 2.592592593, 29.783225, 0.913886, 0.954907, 480, 1.02027658333, 39.5125724375, 0,0, 0, 0, 42.2133994792, 0, 0,123.558333333, 35.5558251458, 0.817143666667 ,30.5440625, 3.3511625, -0.859635416667, #DIV/0!, 30
src02_hrc24, src02_hrc00_, 640x480, yuv422p, 47.8396173636, 1.333333333, 29.794939, 0.915799, 0.947669, 480, 1.01906958333, 41.420451125, 0,0, 0, 0, 41.5905468125, 0, 0,123.416666667, 35.1815852917, 0.8455350625 ,29.9022708333, 3.64222291667, -0.859635416667, #DIV/0!, 30
src02_hrc15, src02_hrc00_, 640x480, yuv422p, 69.9093440805, 2.407407407, 33.387233, 0.958426, 0.977151, 480, 1.02031897917, 44.0145429375, 0,0, 0, 0, 42.4971842708, 0, 0,123.495833333, 35.7524721667, 0.813063854167 ,30.7762916667, 2.76295, -0.859635416667, #DIV/0!, 30
src02_hrc17, src02_hrc00_, 640x480, yuv422p, 58.4064288188, 3.185185185, 30.572955, 0.927660, 0.964391, 480, 1.0225701875, 40.725276, 0,0, 0, 0, 42.5668871042, 0, 0,123.504166667, 35.7814051667, 0.801739104167 ,30.5175625, 2.91117083333, -0.859635416667, #DIV/0!, 30
src02_hrc20, src02_hrc00_, 640x480, yuv422p, 23.1923190618, 1.148148148, 26.417928, 0.845763, 0.889882, 480, 1.0140059375, 35.8351562292, 0,0, 0, 0, 40.1282331875, 0, 0,122.875, 34.2635167083, 0.824480208333 ,28.9143125, 2.79513958333, -0.859635416667, #DIV/0!, 30
src02_hrc04, src02_hrc00_, 640x480, yuv422p, 73.1353373664, 3.037037037, 32.841199, 0.946778, 0.976686, 480, 1.02212166667, 41.9486859792, 0,0, 0, 0.00208333333333, 42.5862232917, 0, 0,123.329166667, 35.8330377083, 0.805648833333 ,30.9495833333, 3.09070833333, -0.859635416667, #DIV/0!, 30
src02_hrc07, src02_hrc00_, 640x480, yuv422p, 73.9828011591, 2.481481481, 33.623128, 0.958655, 0.978850, 480, 1.02077997917, 43.953344875, 0,0, 0, 0, 42.7865208333, 0, 0,123.410416667, 35.9285182708, 0.812384895833 ,31.066125, 3.37490208333, -0.859635416667, #DIV/0!, 30
src02_hrc02, src02_hrc00_, 640x480, yuv422p, 87.6353335972, 3.888888889, 37.239123, 0.980823, 0.990795, 480, 1.02299066667, 45.8015029792, 0,0, 0, 0, 43.2126170417, 0, 0,123.435416667, 36.1746309167, 0.794151208333 ,31.2389583333, 3.09694791667, -0.859635416667, #DIV/0!, 30
src02_hrc21, src02_hrc00_, 640x480, yuv422p, 94.624149009, 4.481481481, 41.057585, 0.991823, 0.995872, 480, 1.02313664583, 47.252275, 0,0, 0, 0, 43.3666414167, 0, 0,123.39375, 36.2518036042, 0.808405729167 ,31.0840625, 3.81886041667, -0.859635416667, #DIV/0!, 30
src02_hrc11, src02_hrc00_, 640x480, yuv422p, 70.3320622244, 2.518518519, 33.261637, 0.957135, 0.976496, 480, 1.02000183333, 43.9766128125, 0,0, 0, 0, 42.5572668958, 0, 0,123.4, 35.7887687917, 0.804594083333 ,30.9941458333, 2.80574791667, -0.859635416667, #DIV/0!, 30
src02_hrc05, src02_hrc00_, 640x480, yuv422p, 93.8438921334, 4.296296296, 40.873151, 0.991404, 0.995865, 480, 1.02312441667, 46.9258256458, 0,0, 0, 0, 43.3241455, 0, 0,123.470833333, 36.2280415, 0.793001270833 ,31.1894166667, 3.56797708333, -0.859635416667, #DIV/0!, 30
src02_hrc09, src02_hrc00_, 640x480, yuv422p, 93.819290642, 4.481481481, 40.923294, 0.991535, 0.995929, 480, 1.023169, 46.9279344167, 0,0, 0, 0, 43.3108988125, 0, 0,123.460416667, 36.220245375, 0.793569208333 ,31.4146875, 3.62710833333, -0.859635416667, #DIV/0!, 30
src02_hrc22, src02_hrc00_, 640x480, yuv422p, 86.7658298317, 3.925925926, 37.334115, 0.981905, 0.990790, 480, 1.0218289375, 46.1287477292, 0,0, 0, 0, 43.118024875, 0, 0,123.508333333, 36.0857451042, 0.8108554375 ,30.9346041667, 3.50208541667, -0.859635416667, #DIV/0!, 30
src02_hrc23, src02_hrc00_, 640x480, yuv422p, 71.1133091027, 2.333333333, 33.434478, 0.959033, 0.977583, 480, 1.01876597917, 43.9661459167, 0,0, 0, 0, 42.6109417917, 0, 0,123.664583333, 35.8095153958, 0.827372729167 ,30.9050208333, 3.24445625, -0.859635416667, #DIV/0!, 30
src02_hrc13, src02_hrc00_, 640x480, yuv422p, 93.8290702477, 4.518518519, 40.935893, 0.991538, 0.995932, 480, 1.02301333333, 46.9267562292, 0,0, 0, 0, 43.3117764167, 0, 0,123.475, 36.2227467292, 0.793810979167 ,31.2109791667, 3.51754375, -0.859635416667, #DIV/0!, 30
src21_hrc26, src21_ref_, 640x480, yuv422p, 52.7769530634, 2.222222222, 25.473570, 0.907184, 0.919056, 400, 1.039757875, 48.190726325, 0,0, 0, 0, 52.033089175, 0, 0,130.035, 36.839787175, 0.656661525 ,31.75785, 3.8064675, -0.8596875, #DIV/0!, 30
src21_hrc27, src21_ref_, 640x480, yuv422p, 62.3429117411, 3.222222222, 26.446670, 0.950553, 0.945241, 400, 1.038886725, 52.119528425, 0,0, 0, 0, 52.5573624, 0, 0,130.1525, 37.188162225, 0.623209225 ,32.053275, 3.8785875, -0.8596875, #DIV/0!, 30
src21_hrc25, src21_ref_, 640x480, yuv422p, 62.2088242372, 1.740740741, 26.434274, 0.950544, 0.945225, 400, 1.038658425, 52.859096675, 0,0, 0, 0, 52.737880025, 0, 0,129.52, 37.400800475, 0.623627875 ,31.869425, 5.0884225, -0.8596875, #DIV/0!, 30
src22_hrc25, src22_ref_, 640x480, yuv422p, 38.1824114815, 1.62962963, 22.438602, 0.852930, 0.836637, 400, 1.0234753, 45.412091575, 0,0, 0, 0.005, 43.134000525, 0, 0,123.4025, 35.72304745, 0.804414475 ,30.536925, 3.856505, -0.8596875, #DIV/0!, 30
src22_hrc27, src22_ref_, 640x480, yuv422p, 44.2709441837, 3.185185185, 24.207394, 0.890620, 0.886783, 400, 1.022112625, 44.161064, 0,0, 0, 0, 42.903425875, 0, 0,123.3375, 35.90445365, 0.807938825 ,30.93765, 3.4883625, -0.8596875, #DIV/0!, 30
src22_hrc26, src22_ref_, 640x480, yuv422p, 38.8116781288, 2.185185185, 23.755558, 0.875467, 0.876086, 400, 1.021931325, 42.309483325, 0,0, 0, 0, 42.60229335, 0, 0,123.335, 35.7198327, 0.806048425 ,31.211675, 3.2197925, -0.8596875, #DIV/0!, 30
src24_hrc25, src24_ref_, 640x480, yuv422p, 50.4680948271, 1.740740741, 31.233846, 0.950165, , 400, 0.96759275, 80.103990575, 0,0, 0, 0.0175, 34.504115375, 0, 0,117.65, 28.168607175, 0.8429447 ,23.10065, 12.589185, -0.859678825, #DIV/0!, 30
src24_hrc27, src24_ref_, 640x480, yuv422p, 51.0672352512, 3.296296296, 31.635628, 0.951472, , 400, 0.97937805, 77.12421905, 0,0, 0, 0.0125, 34.155633025, 0, 0,117.695, 27.97910405, 0.8429375 ,22.5784, 10.7308625, -0.8596875, #DIV/0!, 30
src24_hrc26, src24_ref_, 640x480, yuv422p, 47.2934461678, 2.777777778, 30.944987, 0.948163, , 400, 0.978113475, 76.875292425, 0,0, 0, 0.0175, 33.977090775, 0, 0,117.8, 27.8870293, 0.84423845 ,22.5637, 9.0431275, -0.8596875, #DIV/0!, 30
src25_hrc26, src25_ref_, 640x480, yuv422p, 44.7427601278, 2.185185185, 28.015179, 0.861548, 0.910364, 400, 1.079379175, 66.3416243, 0,0, 0, 0, 59.703891625, 0, 0,128.1475, 39.957826225, 0.71522215 ,38.8363, #DIV/0!, -0.8596875, #DIV/0!, 30
src25_hrc25, src25_ref_, 640x480, yuv422p, 46.969281201, 1.518518519, 28.313532, 0.876508, 0.927789, 400, 1.0790705, 68.002847925, 0,0, 0, 0, 59.258195775, 0, 0,127.9075, 39.6665689, 0.713001875 ,38.456125, #DIV/0!, -0.8596875, #DIV/0!, 30
src25_hrc27, src25_ref_, 640x480, yuv422p, 47.2166064175, 3.444444444, 28.315508, 0.876479, 0.927572, 400, 1.0786184, 67.7193869, 0,0, 0, 0, 59.932611, 0, 0,128.115, 40.126865325, 0.70771095 ,39.05715, #DIV/0!, -0.8596875, #DIV/0!, 30
src27_hrc26, src27_ref_, 640x480, yuv422p, 47.2274849271, 3.037037037, 29.782300, 0.939603, 0.924876, 400, 1.058378125, 57.80308785, 0,0, 0, 0.015, 41.525869475, 0, 0,121.9075, 31.1268553, 0.764710825 ,26.12935, 35.440535, -0.8596875, #DIV/0!, 30
src27_hrc25, src27_ref_, 640x480, yuv422p, 49.6148162878, 1.703703704, 30.048139, 0.941504, 0.933463, 400, 1.034688875, 57.071765375, 0,0, 0, 0.045, 42.29599845, 0, 0,121.56, 31.52521685, 0.758834825 ,25.90205, 41.090195, -0.8596875, #DIV/0!, 30
src27_hrc27, src27_ref_, 640x480, yuv422p, 50.0864052489, 3.703703704, 30.182750, 0.941870, 0.933666, 400, 1.0583296, 58.076215125, 0,0, 0, 0.0325, 41.62006925, 0, 0,121.81, 31.1842155, 0.7550155 ,26.008575, #DIV/0!, -0.8596875, #DIV/0!, 30
src28_hrc25, src28_ref_, 640x480, yuv422p, 58.570068064, 2.074074074, 30.967168, 0.948368, 0.958501, 400, 1.213557025, 75.57477545, 0,0, 0, 0.07787, 51.365104975, 0, 0,118.49, 36.18005945, 0.6367027 ,29.7532, #DIV/0!, -0.8596875, #DIV/0!, 30
src28_hrc26, src28_ref_, 640x480, yuv422p, 53.3265233393, 3.148148148, 30.225377, 0.938875, 0.945665, 400, 1.21330805, 74.6758776, 0,0, 0, 0.0773025, 51.23363925, 0, 0,118.5175, 36.279308675, 0.644789875 ,29.695525, #DIV/0!, -0.8596875, #DIV/0!, 30
src28_hrc27, src28_ref_, 640x480, yuv422p, 58.5424343917, 3.666666667, 30.915324, 0.947308, 0.957842, 400, 1.215177275, 75.6642196, 0,0, 0, 0.0778375, 51.429748675, 0, 0,118.59, 36.4121894, 0.6255043 ,29.97805, #DIV/0!, -0.8596875, #DIV/0!, 30
src29_hrc27, src29_ref_, 640x480, yuv422p, 91.4002416831, 4.185185185, 40.337616, 0.990974, 0.995697, 400, 1.125518625, 40.67151585, 0,0, 0, 0.25, 39.845362225, 0, 0,111.83, 37.29515985, 0.514968925 ,44.448025, 6.554455, -0.8596875, #DIV/0!, 30
src29_hrc26, src29_ref_, 640x480, yuv422p, 85.666119094, 3.851851852, 38.821881, 0.982988, 0.991977, 400, 1.126085075, 39.628259375, 0,0, 0, 0.2025, 39.749783475, 0, 0,111.8275, 37.233309025, 0.521679325 ,44.369925, 6.409745, -0.8596875, #DIV/0!, 30
src29_hrc25, src29_ref_, 640x480, yuv422p, 91.7921768781, 2.037037037, 40.663479, 0.991902, 0.996080, 400, 1.122992625, 40.87956465, 0,0, 0, 0.25, 39.85796495, 0, 0,111.7375, 37.311152225, 0.51473685 ,44.109075, 6.6983775, -0.8596875, #DIV/0!, 30
src03_hrc10, src03_hrc00_, 640x480, yuv422p, 83.4927591782, 4.148148148, 35.866286, 0.974055, 0.988304, 480, 1.0138644375, 51.4607293125, 0,0, 0, 0, 47.5515698542, 0, 0,120.845833333, 38.115729125, 0.381997104167 ,34.3063541667, 3.407125, -0.859635416667, #DIV/0!, 30
src03_hrc02, src03_hrc00_, 640x480, yuv422p, 85.8730268325, 4.148148148, 35.900224, 0.973723, 0.988693, 480, 1.0129393125, 50.9831183958, 0,0, 0, 0, 47.695644625, 0, 0,120.6625, 38.171846125, 0.426569479167 ,34.7372916667, 8.45677083333, -0.859635416667, #DIV/0!, 30
src03_hrc13, src03_hrc00_, 640x480, yuv422p, 92.6983343212, 4.555555556, 40.043454, 0.989107, 0.995334, 480, 1.01232279167, 53.4346044792, 0,0, 0, 0, 47.92369875, 0, 0,120.777083333, 38.3284020417, 0.467826 ,34.5925416667, 8.86595, -0.859635416667, #DIV/0!, 30
src03_hrc20, src03_hrc00_, 640x480, yuv422p, 18.2101946599, 1.111111111, 25.411744, 0.795520, 0.861176, 480, 1.01029827083, 26.8035623542, 0,0, 0, 0.00625, 42.2800386458, 0, 0,119.329166667, 34.91660775, 0.343121916667 ,32.7369791667, 3.05031875, -0.859635416667, #DIV/0!, 30
src03_hrc15, src03_hrc00_, 640x480, yuv422p, 65.6478292873, 2.851851852, 31.934287, 0.941978, 0.971061, 480, 1.01381608333, 47.7599425417, 0,0, 0, 0, 46.6274652708, 0, 0,120.822916667, 37.5837409375, 0.367005395833 ,33.7527708333, 3.1944375, -0.859635416667, #DIV/0!, 30
src03_hrc21, src03_hrc00_, 640x480, yuv422p, 94.3032087802, 4.62962963, 40.608671, 0.990323, 0.995786, 480, 1.01273097917, 54.5579841042, 0,0, 0, 0, 48.130619125, 0, 0,120.733333333, 38.456338, 0.441177270833 ,34.6866458333, 8.86546041667, -0.859635416667, #DIV/0!, 30
src03_hrc12, src03_hrc00_, 640x480, yuv422p, 44.3445036725, 1.851851852, 28.495038, 0.879007, 0.934186, 480, 1.01375077083, 38.6038243958, 0,0, 0, 0, 45.2509734583, 0, 0,120.195833333, 36.7117467083, 0.2778980625 ,31.6139375, 3.3884625, -0.859635416667, #DIV/0!, 30
src03_hrc18, src03_hrc00_, 640x480, yuv422p, 44.6078722516, 2.481481481, 28.199843, 0.878588, 0.939958, 480, 1.01291520833, 33.4765670625, 0,0, 0, 0, 45.5325711875, 0, 0,120.729166667, 36.8072512708, 0.3090366875 ,32.6466666667, 2.94541458333, -0.859635416667, #DIV/0!, 30
src03_hrc09, src03_hrc00_, 640x480, yuv422p, 92.6524091694, 4.481481481, 40.011297, 0.989050, 0.995298, 480, 1.0122205, 53.371135875, 0,0, 0, 0, 47.9200750833, 0, 0,120.779166667, 38.3262221458, 0.455679875 ,32.2731875, 8.13084375, -0.859635416667, #DIV/0!, 30
src03_hrc03, src03_hrc00_, 640x480, yuv422p, 76.032399809, 3.518518519, 32.587211, 0.946922, 0.977902, 480, 1.01218629167, 46.0260415625, 0,0, 0, 0, 47.0394565, 0, 0,120.539583333, 37.7753434167, 0.4341136875 ,34.63425, 12.9390520833, -0.859635416667, #DIV/0!, 30
src03_hrc19, src03_hrc00_, 640x480, yuv422p, 32.2465147129, 1.851851852, 27.041651, 0.844001, 0.912589, 480, 1.01175585417, 30.8150961042, 0,0, 0, 0, 44.5357342917, 0, 0,120.222916667, 36.23231025, 0.288054020833 ,31.649625, 3.40299791667, -0.859635416667, #DIV/0!, 30
src03_hrc16, src03_hrc00_, 640x480, yuv422p, 40.1284584493, 1.666666667, 28.214130, 0.876697, 0.928650, 480, 1.01340279167, 40.0593828958, 0,0, 0, 0, 44.7391482292, 0, 0,120.110416667, 36.3815362083, 0.333514979167 ,33.9185, 2.92806041667, -0.859635416667, #DIV/0!, 30
src03_hrc14, src03_hrc00_, 640x480, yuv422p, 83.7218639605, 4.111111111, 35.936409, 0.974438, 0.988474, 480, 1.01400283333, 51.7667070417, 0,0, 0, 0, 47.5593672917, 0, 0,120.877083333, 38.1316526042, 0.419197020833 ,33.4371041667, 3.55556875, -0.859635416667, #DIV/0!, 30
src03_hrc05, src03_hrc00_, 640x480, yuv422p, 92.7177544841, 4.407407407, 39.941995, 0.988871, 0.995222, 480, 1.01271935417, 53.2267938958, 0,0, 0, 0, 47.923682375, 0, 0,120.73125, 38.3262573125, 0.430182041667 ,34.7698541667, 7.18883541667, -0.859635416667, #DIV/0!, 30
src03_hrc28, src03_hrc00_, 640x480, yuv422p, 45.3615493544, 1.259259259, 29.818742, 0.868943, 0.914769, 480, 1.011266125, 35.8536392083, 0,0, 0, 0.00625, 44.4080476667, 0, 0,119.916666667, 36.0554673542, 0.400602458333 ,33.0787291667, 3.28100208333, -0.859635416667, #DIV/0!, 30
src03_hrc01, src03_hrc00_, 640x480, yuv422p, 93.1249093619, 4.62962963, 39.880864, 0.988639, 0.995130, 480, 1.01255485417, 53.1049282917, 0,0, 0, 0, 47.947575, 0, 0,120.716666667, 38.3287560208, 0.446137375 ,34.5662083333, 7.62704375, -0.859635416667, #DIV/0!, 30
src03_hrc23, src03_hrc00_, 640x480, yuv422p, 69.1750846357, 3.148148148, 32.281172, 0.945190, 0.973188, 480, 1.01486641667, 49.5475448125, 0,0, 0, 0, 47.0435582708, 0, 0,120.791666667, 37.8543455208, 0.285112770833 ,34.5951458333, 3.44446041667, -0.859635416667, #DIV/0!, 30
src03_hrc08, src03_hrc00_, 640x480, yuv422p, 56.4967075441, 2.444444444, 29.633953, 0.901591, 0.953817, 480, 1.01324460417, 37.4519613542, 0,0, 0, 0, 45.6943522292, 0, 0,120.402083333, 36.9568814167, 0.3067201875 ,32.0122916667, 3.13328125, -0.859635416667, #DIV/0!, 30
src03_hrc22, src03_hrc00_, 640x480, yuv422p, 86.4047470691, 4.074074074, 36.381877, 0.976800, 0.989565, 480, 1.01431795833, 53.2625316875, 0,0, 0, 0, 47.8788588125, 0, 0,120.814583333, 38.3091576042, 0.320137916667 ,34.65575, 3.80368541667, -0.859635416667, #DIV/0!, 30
src03_hrc07, src03_hrc00_, 640x480, yuv422p, 69.6399022725, 3.296296296, 31.981925, 0.940359, 0.972046, 480, 1.014106, 46.9101550833, 0,0, 0, 0, 46.9184868333, 0, 0,120.65625, 37.7290538125, 0.299873979167 ,34.504625, 3.27703125, -0.859635416667, #DIV/0!, 30
src03_hrc04, src03_hrc00_, 640x480, yuv422p, 66.2819142997, 2.666666667, 30.496602, 0.918225, 0.965682, 480, 1.01143845833, 37.5881605625, 0,0, 0, 0, 46.0047253125, 0, 0,120.420833333, 37.1115635, 0.445446770833 ,34.1913541667, 11.6138, -0.859635416667, #DIV/0!, 30
src03_hrc24, src03_hrc00_, 640x480, yuv422p, 41.189525979, 1.407407407, 28.324380, 0.877586, 0.928688, 480, 1.01039297917, 40.1767541042, 0,0, 0, 0, 44.8228178333, 0, 0,120.135416667, 36.4783181458, 0.2537886875 ,34.6678125, 2.96755416667, -0.859635416667, #DIV/0!, 30
src03_hrc06, src03_hrc00_, 640x480, yuv422p, 84.1787605772, 4, 35.783600, 0.973456, 0.988049, 480, 1.014592875, 51.2821053125, 0,0, 0, 0, 47.6115990208, 0, 0,120.797916667, 38.1426778958, 0.325323958333 ,32.4956041667, 3.14482708333, -0.859635416667, #DIV/0!, 30
src03_hrc17, src03_hrc00_, 640x480, yuv422p, 51.4208690422, 2.814814815, 28.816026, 0.896227, 0.951895, 480, 1.011771125, 34.7834332083, 0,0, 0, 0, 45.9876154792, 0, 0,120.714583333, 37.0560724792, 0.441047395833 ,34.2687291667, 9.48821666667, -0.859635416667, #DIV/0!, 30
src03_hrc11, src03_hrc00_, 640x480, yuv422p, 66.2810048579, 2.888888889, 31.840606, 0.940311, 0.970442, 480, 1.01409816667, 47.61821425, 0,0, 0, 0, 46.7575832292, 0, 0,120.65625, 37.6417655625, 0.288084479167 ,32.063, 3.50144583333, -0.859635416667, #DIV/0!, 30
src31_hrc25, src31_ref_, 640x480, yuv422p, 65.5325224376, 1.518518519, 33.084918, 0.938705, , 400, 1.04821635, 38.108095275, 0,0, 0, 0, 35.767846425, 0, 0,114.45, 30.2453913, 0.637989 ,23.231825, 20.460065, -0.8596875, #DIV/0!, 30
src31_hrc27, src31_ref_, 640x480, yuv422p, 72.2276829684, 3.407407407, 34.549855, 0.962915, , 400, 1.050421475, 37.0723906, 0,0, 0, 0, 35.65270745, 0, 0,114.59, 30.1478499, 0.637068025 ,23.1613, 17.2420075, -0.8596875, #DIV/0!, 30
src31_hrc26, src31_ref_, 640x480, yuv422p, 65.9420706233, 2.851851852, 34.037541, 0.948592, , 400, 1.051025325, 35.586637, 0,0, 0, 0, 35.41847255, 0, 0,114.6275, 30.034622075, 0.613838325 ,22.9222, 18.2419325, -0.8596875, #DIV/0!, 30
src04_hrc28, src04_hrc00_, 640x480, yuv422p, 49.4907512629, 1.37037037, 32.905681, 0.939854, 0.939514, 480, 1.039404625, 71.9709256458, 0,0, 0, 0.0520833333333, 33.751373875, 0, 0,117.620833333, 27.720256625, 0.853340583333 ,23.4155833333, #DIV/0!, -0.859635416667, #DIV/0!, 30
src04_hrc10, src04_hrc00_, 640x480, yuv422p, 80.3985815928, 3.259259259, 38.682695, 0.988016, 0.991753, 480, 1.02268866667, 74.2219376875, 0,0, 0, 0.00625, 35.703553625, 0, 0,117.702083333, 28.8645514792, 0.8184199375 ,23.2635625, 45.9941, -0.859635416667, #DIV/0!, 30
src04_hrc03, src04_hrc00_, 640x480, yuv422p, 80.8126571337, 3.666666667, 39.123210, 0.989074, 0.992374, 480, 1.0233764375, 74.4602227917, 0,0, 0, 0, 35.74693325, 0, 0,117.533333333, 28.9367093542, 0.8248984375 ,23.3131875, #DIV/0!, -0.859635416667, #DIV/0!, 30
src04_hrc07, src04_hrc00_, 640x480, yuv422p, 69.4570972042, 2.814814815, 36.190626, 0.979885, 0.984406, 480, 1.0283933125, 73.9764536042, 0,0, 0, 0.00833333333333, 35.4624726458, 0, 0,117.647916667, 28.7564465833, 0.825092520833 ,23.2211875, #DIV/0!, -0.859635416667, #DIV/0!, 30
src04_hrc18, src04_hrc00_, 640x480, yuv422p, 59.0309366431, 2.851851852, 34.213245, 0.968026, 0.974125, 480, 1.02626183333, 73.7276868125, 0,0, 0, 0.0145833333333, 35.500309125, 0, 0,117.660416667, 28.74816975, 0.8227721875 ,23.3005, 45.0740020833, -0.859635416667, #DIV/0!, 30
src04_hrc13, src04_hrc00_, 640x480, yuv422p, 90.4564749319, 4, 42.456423, 0.994623, 0.996736, 480, 1.02072364583, 74.788458625, 0,0, 0, 0, 35.9785832292, 0, 0,117.60625, 29.0411807708, 0.825057520833 ,23.1688958333, #DIV/0!, -0.859635416667, #DIV/0!, 30
src04_hrc09, src04_hrc00_, 640x480, yuv422p, 90.5010063699, 3.962962963, 42.459627, 0.994648, 0.996733, 480, 1.02039358333, 74.8189412917, 0,0, 0, 0, 35.9873937917, 0, 0,117.591666667, 29.0433993542, 0.81944125 ,23.303375, #DIV/0!, -0.859635416667, #DIV/0!, 30
src04_hrc15, src04_hrc00_, 640x480, yuv422p, 61.6638610241, 2.296296296, 34.971501, 0.973844, 0.979354, 480, 1.02899835417, 73.6163946458, 0,0, 0, 0.01875, 34.9510685, 0, 0,117.716666667, 28.4429882708, 0.834156270833 ,23.0050833333, #DIV/0!, -0.859635416667, #DIV/0!, 30
src04_hrc19, src04_hrc00_, 640x480, yuv422p, 43.1094015855, 1.444444444, 31.647290, 0.947283, 0.952685, 480, 1.03413577083, 72.2969699167, 0,0, 0, 0.03125, 34.4868746667, 0, 0,117.760416667, 28.1616088542, 0.835688666667 ,23.1051458333, #DIV/0!, -0.859635416667, #DIV/0!, 30
src04_hrc21, src04_hrc00_, 640x480, yuv422p, 91.603202458, 4, 42.625568, 0.994759, 0.996755, 480, 1.01919760417, 74.9998648125, 0,0, 0, 0, 36.0375298958, 0, 0,117.525, 29.072678875, 0.837136479167 ,23.0039375, #DIV/0!, -0.859635416667, #DIV/0!, 30
src04_hrc23, src04_hrc00_, 640x480, yuv422p, 61.884771641, 2.222222222, 34.875081, 0.973109, 0.978669, 480, 1.03081127083, 73.507058875, 0,0, 0, 0.025, 35.0289728333, 0, 0,117.727083333, 28.494007375, 0.843072604167 ,22.9209791667, #DIV/0!, -0.859635416667, #DIV/0!, 30
src04_hrc11, src04_hrc00_, 640x480, yuv422p, 63.5458694444, 2.333333333, 35.044848, 0.974622, 0.979796, 480, 1.02826635417, 73.8893741667, 0,0, 0, 0.01875, 35.2308586458, 0, 0,117.754166667, 28.6193823125, 0.8269138125 ,23.29325, #DIV/0!, -0.859635416667, #DIV/0!, 30
src04_hrc06, src04_hrc00_, 640x480, yuv422p, 82.0432975471, 3.222222222, 38.854840, 0.988586, 0.991997, 480, 1.02334064583, 74.616117375, 0,0, 0, 0.00208333333333, 35.8455217708, 0, 0,117.554166667, 28.9629896458, 0.818380291667 ,23.3862083333, 40.8045604167, -0.859635416667, #DIV/0!, 30
src04_hrc22, src04_hrc00_, 640x480, yuv422p, 81.5335037552, 3.407407407, 38.836084, 0.988207, 0.992009, 480, 1.021249, 74.36311325, 0,0, 0, 0.00208333333333, 35.7581417292, 0, 0,117.689583333, 28.8897911458, 0.8373395 ,22.8653125, #DIV/0!, -0.859635416667, #DIV/0!, 30
src04_hrc01, src04_hrc00_, 640x480, yuv422p, 91.3517604035, 4, 42.677341, 0.994982, 0.996799, 480, 1.0198749375, 75.100930375, 0,0, 0, 0, 36.0808063542, 0, 0,117.504166667, 29.1060159792, 0.818572520833 ,23.2193333333, #DIV/0!, -0.859635416667, #DIV/0!, 30
src04_hrc20, src04_hrc00_, 640x480, yuv422p, 27.093835137, 1, 28.890457, 0.914182, 0.908167, 480, 1.051120625, 70.8476725208, 0,0, 0, 0.0604166666667, 32.5957259167, 0, 0,117.4875, 27.0763361875, 0.864462833333 ,23.5843333333, #DIV/0!, -0.859635416667, #DIV/0!, 30
src04_hrc02, src04_hrc00_, 640x480, yuv422p, 84.1818206392, 3.777777778, 39.865032, 0.990806, 0.993650, 480, 1.0222135625, 74.8030283333, 0,0, 0, 0, 35.9080533958, 0, 0,117.50625, 29.0218337083, 0.821292041667 ,23.2477916667, #DIV/0!, -0.859635416667, #DIV/0!, 30
src04_hrc08, src04_hrc00_, 640x480, yuv422p, 66.301131457, 2.481481481, 35.701500, 0.977609, 0.982381, 480, 1.029678375, 73.5343631667, 0,0, 0, 0.0104166666667, 35.2711412917, 0, 0,117.645833333, 28.6468337708, 0.828914375 ,23.2005833333, #DIV/0!, -0.859635416667, #DIV/0!, 30
src04_hrc05, src04_hrc00_, 640x480, yuv422p, 90.8537227825, 3.888888889, 42.505752, 0.994741, 0.996721, 480, 1.02030033333, 74.91022675, 0,0, 0, 0, 36.0240142292, 0, 0,117.55625, 29.0615569167, 0.822213020833 ,23.2685625, #DIV/0!, -0.859635416667, #DIV/0!, 30
src04_hrc04, src04_hrc00_, 640x480, yuv422p, 77.6920886239, 3.407407407, 38.483077, 0.987348, 0.991052, 480, 1.02411189583, 74.2357848333, 0,0, 0, 0.00208333333333, 35.59893325, 0, 0,117.579166667, 28.850816125, 0.827830895833 ,23.2193125, #DIV/0!, -0.859635416667, #DIV/0!, 30
src04_hrc12, src04_hrc00_, 640x480, yuv422p, 48.2944251755, 1.740740741, 32.654023, 0.958733, 0.962921, 480, 1.034022125, 73.076527625, 0,0, 0, 0.025, 34.5877778333, 0, 0,117.635416667, 28.2380979583, 0.835351875 ,23.1390833333, #DIV/0!, -0.859635416667, #DIV/0!, 30
src04_hrc16, src04_hrc00_, 640x480, yuv422p, 40.0973871266, 1.148148148, 31.458166, 0.947976, 0.950881, 480, 1.03824502083, 72.8333280417, 0,0, 0, 0.04375, 33.7822536875, 0, 0,117.791666667, 27.7542881458, 0.851710145833 ,22.6922708333, #DIV/0!, -0.859635416667, #DIV/0!, 30
src04_hrc17, src04_hrc00_, 640x480, yuv422p, 68.4968637442, 3.777777778, 36.077638, 0.977827, 0.982718, 480, 1.0197351875, 74.9747759167, 0,0, 0, 0, 36.009639625, 0, 0,117.583333333, 29.0639051875, 0.816970083333 ,23.1984583333, 39.8350645833, -0.859635416667, #DIV/0!, 30
src04_hrc24, src04_hrc00_, 640x480, yuv422p, 38.7388474626, 1.222222222, 31.375636, 0.945761, 0.949168, 480, 1.04075335417, 72.4041122083, 0,0, 0, 0.0354166666667, 33.7820492917, 0, 0,117.929166667, 27.7567052292, 0.864623875 ,22.6918333333, #DIV/0!, -0.859635416667, #DIV/0!, 30
src04_hrc14, src04_hrc00_, 640x480, yuv422p, 80.1266824465, 3.481481481, 38.670374, 0.987826, 0.991748, 480, 1.0234045625, 74.2369300417, 0,0, 0, 0.00625, 35.6545361458, 0, 0,117.658333333, 28.8346492083, 0.831320270833 ,23.0966458333, #DIV/0!, -0.859635416667, #DIV/0!, 30
src05_hrc15, src05_hrc00_, 640x480, yuv422p, 66.6853477706, 2, 32.142545, 0.937793, 0.969656, 480, 1.08656172917, 68.6118535208, 0,0, 0, 0, 59.110509, 0, 0,128.427083333, 39.8327037917, 0.715113458333 ,38.1537291667, #DIV/0!, -0.859635416667, #DIV/0!, 30
src05_hrc24, src05_hrc00_, 640x480, yuv422p, 43.8631454832, 1.111111111, 28.930989, 0.882197, 0.931488, 480, 1.0879939375, 64.9842916667, 0,0, 0, 0.00208333333333, 58.1253012917, 0, 0,128.839583333, 39.0460838542, 0.774502729167 ,37.9676666667, #DIV/0!, -0.859635416667, #DIV/0!, 30
src05_hrc17, src05_hrc00_, 640x480, yuv422p, 59.9061457067, 2.518518519, 30.394372, 0.912514, 0.959311, 480, 1.08346422917, 66.0650229792, 0,0, 0, 0, 59.3785824792, 0, 0,128.06875, 40.0259770625, 0.751203 ,38.2972708333, #DIV/0!, -0.859635416667, #DIV/0!, 30
src05_hrc10, src05_hrc00_, 640x480, yuv422p, 84.6833412318, 3.703703704, 35.978782, 0.973494, 0.988322, 480, 1.08215658333, 71.222911375, 0,0, 0, 0, 59.8797850208, 0, 0,128.110416667, 40.395198375, 0.7055930625 ,38.3463541667, #DIV/0!, -0.859635416667, #DIV/0!, 30
src05_hrc13, src05_hrc00_, 640x480, yuv422p, 93.5420010203, 4.407407407, 39.884326, 0.989215, 0.995403, 480, 1.07905325, 72.6773727292, 0,0, 0, 0, 60.2306177708, 0, 0,127.872916667, 40.6615897083, 0.6959070625 ,38.3237291667, #DIV/0!, -0.859635416667, #DIV/0!, 30
src05_hrc11, src05_hrc00_, 640x480, yuv422p, 67.8205503256, 2, 32.152325, 0.937587, 0.969596, 480, 1.0861841875, 68.8025895625, 0,0, 0, 0, 59.2967023125, 0, 0,128.247916667, 39.9556574375, 0.715960833333 ,38.092375, #DIV/0!, -0.859635416667, #DIV/0!, 30
src05_hrc22, src05_hrc00_, 640x480, yuv422p, 86.0183251573, 3.703703704, 36.237183, 0.975695, 0.989285, 480, 1.08061464583, 71.489181, 0,0, 0, 0, 59.8785276667, 0, 0,128.147916667, 40.4021821875, 0.71107575 ,38.2589375, #DIV/0!, -0.859635416667, #DIV/0!, 30
src05_hrc02, src05_hrc00_, 640x480, yuv422p, 87.085824261, 3.888888889, 36.054233, 0.972933, 0.988399, 480, 1.08042435417, 71.1927893958, 0,0, 0, 0, 60.1120872292, 0, 0,127.989583333, 40.56666775, 0.7168215 ,38.3926041667, #DIV/0!, -0.859635416667, #DIV/0!, 30
src05_hrc07, src05_hrc00_, 640x480, yuv422p, 71.5649260591, 2.37037037, 32.375115, 0.938334, 0.971260, 480, 1.08463916667, 68.4749346875, 0,0, 0, 0, 59.5654967292, 0, 0,128.18125, 40.1518728125, 0.740460458333 ,38.0671875, #DIV/0!, -0.859635416667, #DIV/0!, 30
src05_hrc09, src05_hrc00_, 640x480, yuv422p, 93.563910168, 4.333333333, 39.886651, 0.989218, 0.995404, 480, 1.07912366667, 72.6827211042, 0,0, 0, 0, 60.23288, 0, 0,127.845833333, 40.6620933125, 0.692827208333 ,38.45175, #DIV/0!, -0.859635416667, #DIV/0!, 30
src05_hrc01, src05_hrc00_, 640x480, yuv422p, 94.0026479324, 4.296296296, 39.837728, 0.988968, 0.995285, 480, 1.07838004167, 72.6985408125, 0,0, 0, 0, 60.2912557083, 0, 0,127.814583333, 40.7066762083, 0.6987749375 ,38.5989166667, #DIV/0!, -0.859635416667, #DIV/0!, 30
src05_hrc21, src05_hrc00_, 640x480, yuv422p, 94.5754417149, 4.296296296, 40.228142, 0.990296, 0.995701, 480, 1.07744927083, 73.0685385208, 0,0, 0, 0, 60.2821119792, 0, 0,127.802083333, 40.7102278333, 0.727280395833 ,38.4224375, #DIV/0!, -0.859635416667, #DIV/0!, 30
src05_hrc14, src05_hrc00_, 640x480, yuv422p, 84.7523851113, 3.703703704, 36.000926, 0.973600, 0.988364, 480, 1.08251327083, 71.1912348958, 0,0, 0, 0, 59.8563474167, 0, 0,128.05, 40.3835274792, 0.710537791667 ,38.3561458333, #DIV/0!, -0.859635416667, #DIV/0!, 30
src05_hrc23, src05_hrc00_, 640x480, yuv422p, 68.7808540993, 2.148148148, 32.302421, 0.941195, 0.971584, 480, 1.08369635417, 68.4403529583, 0,0, 0, 0, 59.1442246875, 0, 0,128.429166667, 39.8394776667, 0.731779375 ,38.2024583333, #DIV/0!, -0.859635416667, #DIV/0!, 30
src05_hrc18, src05_hrc00_, 640x480, yuv422p, 52.4994340357, 2.111111111, 29.631686, 0.896286, 0.948364, 480, 1.08719595833, 64.7348604167, 0,0, 0, 0, 58.97251125, 0, 0,128.304166667, 39.7142529792, 0.759647833333 ,37.9216875, #DIV/0!, -0.859635416667, #DIV/0!, 30
src05_hrc12, src05_hrc00_, 640x480, yuv422p, 48.372577788, 1.259259259, 29.350958, 0.886522, 0.937705, 480, 1.09002041667, 65.7659699583, 0,0, 0, 0.00208333333333, 58.5798186042, 0, 0,128.414583333, 39.4216126458, 0.7429538125 ,38.1025833333, #DIV/0!, -0.859635416667, #DIV/0!, 30
src05_hrc19, src05_hrc00_, 640x480, yuv422p, 39.0339056409, 1.185185185, 28.347805, 0.866336, 0.923514, 468, 1.09283970085, 62.9808456197, 0,0, 0, 0, 58.2225612607, 0, 0,128.523504274, 39.1108495299, 0.752521645299 ,38.1202136752, #DIV/0!, -0.85844017094, #DIV/0!, 30
src05_hrc04, src05_hrc00_, 640x480, yuv422p, 69.9875799071, 2.407407407, 31.649264, 0.923225, 0.967174, 480, 1.08389770833, 66.2899528542, 0,0, 0, 0, 59.3148778958, 0, 0,128.01875, 39.98164175, 0.757477020833 ,38.3442708333, #DIV/0!, -0.859635416667, #DIV/0!, 30
src05_hrc16, src05_hrc00_, 640x480, yuv422p, 43.0599956528, 1.148148148, 28.853708, 0.879659, 0.929186, 480, 1.08969322917, 65.6615390833, 0,0, 0, 0.00208333333333, 57.9874747083, 0, 0,128.795833333, 38.9888899375, 0.744894833333 ,37.9172291667, #DIV/0!, -0.859635416667, #DIV/0!, 30
src05_hrc05, src05_hrc00_, 640x480, yuv422p, 93.7369473275, 4.333333333, 39.855720, 0.989111, 0.995351, 480, 1.0788793125, 72.6632006042, 0,0, 0, 0, 60.2574986458, 0, 0,127.864583333, 40.6787504792, 0.6968963125 ,38.3260625, #DIV/0!, -0.859635416667, #DIV/0!, 30
src05_hrc28, src05_hrc00_, 640x480, yuv422p, 49.8559088357, 1.111111111, 30.497339, 0.878543, 0.917678, 480, 1.08994058333, 65.5040952292, 0,0, 0, 0, 58.1201365833, 0, 0,128.55, 39.0673800208, 0.749277583333 ,37.1882708333, #DIV/0!, -0.859635416667, #DIV/0!, 30
src05_hrc20, src05_hrc00_, 640x480, yuv422p, 25.8402066316, 1, 26.653607, 0.829878, 0.881427, 480, 1.09555691667, 61.9137071042, 0,0, 0, 0, 56.943614375, 0, 0,129.035416667, 38.2107473333, 0.76865575 ,37.1525, #DIV/0!, -0.859635416667, #DIV/0!, 30
src05_hrc08, src05_hrc00_, 640x480, yuv422p, 61.4911632583, 2.074074074, 30.693793, 0.908985, 0.957070, 480, 1.08668291667, 65.7019111458, 0,0, 0, 0, 59.0830244375, 0, 0,128.191666667, 39.7971074792, 0.7608499375 ,38.1715208333, #DIV/0!, -0.859635416667, #DIV/0!, 30
src05_hrc06, src05_hrc00_, 640x480, yuv422p, 85.5228840917, 3.666666667, 35.981505, 0.973254, 0.988216, 480, 1.08094647917, 71.0765045208, 0,0, 0, 0, 59.9824332083, 0, 0,128.01875, 40.46764025, 0.7156426875 ,38.2056458333, #DIV/0!, -0.859635416667, #DIV/0!, 30
src05_hrc03, src05_hrc00_, 640x480, yuv422p, 77.8384681797, 2.925925926, 33.050714, 0.944207, 0.976531, 480, 1.08286347917, 68.6340708125, 0,0, 0, 0, 59.7651466458, 0, 0,128.022916667, 40.3091993333, 0.740800479167 ,38.4288125, #DIV/0!, -0.859635416667, #DIV/0!, 30
src07_hrc10, src07_hrc00_, 640x480, yuv422p, 83.3325928436, 3.888888889, 37.916831, 0.980518, 0.989668, 480, 1.0550026875, 55.2576096667, 0,0, 0.003125, 0.0229166666667, 43.0491213958, 0, 0,122.722916667, 32.334270875, 0.7527215 ,26.0507708333, 23.87543125, -0.859635416667, #DIV/0!, 30
src07_hrc03, src07_hrc00_, 640x480, yuv422p, 79.0469968918, 3.185185185, 36.026990, 0.967713, 0.984744, 480, 1.05588135417, 53.5446705417, 0,0, 0, 0.025, 42.9630561667, 0, 0,122.529166667, 32.2952907292, 0.7514973125 ,25.3617708333, #DIV/0!, -0.859635416667, #DIV/0!, 30
src07_hrc07, src07_hrc00_, 640x480, yuv422p, 72.2993020012, 2.777777778, 34.869213, 0.961907, 0.978902, 480, 1.05732272917, 53.4953585625, 0,0, 0.00208333333333, 0.0229166666667, 42.7989549167, 0, 0,122.535416667, 32.1984354792, 0.745673666667 ,25.3563333333, 66.1066916667, -0.859635416667, #DIV/0!, 30
src07_hrc13, src07_hrc00_, 640x480, yuv422p, 91.6877980246, 4.518518519, 41.475216, 0.991184, 0.995740, 480, 1.054328375, 56.2423350625, 0,0, 0.00208333333333, 0.025, 43.2872460208, 0, 0,122.566666667, 32.4779048542, 0.736382104167 ,26.0519375, 24.5449270833, -0.859635416667, #DIV/0!, 30
src07_hrc11, src07_hrc00_, 640x480, yuv422p, 68.4800930683, 2.555555556, 34.440949, 0.960281, 0.976217, 480, 1.0570588125, 53.3923221667, 0,0, 0.00208333333333, 0.025, 42.6008077292, 0, 0,122.760416667, 32.0625952708, 0.7452345625 ,25.2361458333, #DIV/0!, -0.859635416667, #DIV/0!, 30
src07_hrc20, src07_hrc00_, 640x480, yuv422p, 28.2750774953, 1, 28.700765, 0.895867, 0.917002, 480, 1.06019222917, 46.3673097083, 0,0, 0.00104166666667, 0.03125, 40.4290679792, 0, 0,122.620833333, 30.6323364167, 0.744834520833 ,23.0520833333, #DIV/0!, -0.859635416667, #DIV/0!, 30
src07_hrc02, src07_hrc00_, 640x480, yuv422p, 85.7978634247, 4, 38.137060, 0.980613, 0.990357, 480, 1.05526625, 55.1809463958, 0,0, 0.00208333333333, 0.01875, 43.1992510833, 0, 0,122.539583333, 32.4297334583, 0.743262041667 ,26.1413541667, 34.9520833333, -0.859635416667, #DIV/0!, 30
src07_hrc16, src07_hrc00_, 640x480, yuv422p, 46.8146014126, 1.333333333, 31.192650, 0.930101, 0.950860, 480, 1.05769447917, 50.9396030625, 0,0, 0.00104166666667, 0.025, 41.5384335, 0, 0,122.758333333, 31.377663375, 0.740132083333 ,24.3468125, #DIV/0!, -0.859635416667, #DIV/0!, 30
src07_hrc08, src07_hrc00_, 640x480, yuv422p, 64.8235013607, 2.444444444, 33.543340, 0.948491, 0.972301, 480, 1.05779141667, 51.4663678333, 0,0, 0.00104166666667, 0.025, 42.4905180625, 0, 0,122.435416667, 32.0041951667, 0.748091729167 ,24.9521666667, 67.5662104167, -0.859635416667, #DIV/0!, 30
src07_hrc22, src07_hrc00_, 640x480, yuv422p, 83.6400267714, 4, 37.971343, 0.980995, 0.989988, 480, 1.05648272917, 55.56597875, 0,0, 0.00104166666667, 0.0229166666667, 43.032371375, 0, 0,122.554166667, 32.3386709792, 0.7408881875 ,26.0078125, 34.8807395833, -0.859635416667, #DIV/0!, 30
src07_hrc04, src07_hrc00_, 640x480, yuv422p, 73.6814446169, 2.925925926, 34.904278, 0.958455, 0.980755, 480, 1.05625122917, 51.8339114167, 0,0, 0, 0.0166666666667, 42.7099100833, 0, 0,122.51875, 32.1328143542, 0.755445333333 ,25.0260416667, #DIV/0!, -0.859635416667, #DIV/0!, 30
src07_hrc21, src07_hrc00_, 640x480, yuv422p, 92.3526510997, 4.444444444, 41.691717, 0.991710, 0.995987, 480, 1.05441872917, 56.6620221875, 0,0, 0.00104166666667, 0.0166666666667, 43.3076642917, 0, 0,122.502083333, 32.5069766875, 0.749125645833 ,26.1292083333, 17.4557333333, -0.859635416667, #DIV/0!, 30
src07_hrc12, src07_hrc00_, 640x480, yuv422p, 52.3624015395, 1.518518519, 31.886059, 0.934966, 0.958319, 480, 1.058499125, 51.176804375, 0,0, 0.00208333333333, 0.0333333333333, 42.06373775, 0, 0,122.841666667, 31.7387651042, 0.753545541667 ,24.047875, #DIV/0!, -0.859635416667, #DIV/0!, 30
src07_hrc01, src07_hrc00_, 640x480, yuv422p, 92.1541314397, 4.407407407, 41.398563, 0.990983, 0.995641, 480, 1.05402420833, 56.2693127292, 0,0, 0.003125, 0.01875, 43.3286517292, 0, 0,122.522916667, 32.5025866875, 0.731863041667 ,26.1780625, 28.1220895833, -0.859635416667, #DIV/0!, 30
src07_hrc15, src07_hrc00_, 640x480, yuv422p, 67.9170812182, 2.407407407, 34.503698, 0.961070, 0.976607, 480, 1.05673247917, 53.2972510833, 0,0, 0.003125, 0.0208333333333, 42.4916399375, 0, 0,122.802083333, 31.9977192083, 0.745178041667 ,25.3128333333, 48.8475166667, -0.859635416667, #DIV/0!, 30
src07_hrc06, src07_hrc00_, 640x480, yuv422p, 84.0378174108, 3.888888889, 37.883024, 0.980383, 0.989633, 480, 1.05532258333, 55.1793700625, 0,0, 0.00104166666667, 0.025, 43.1005308958, 0, 0,122.566666667, 32.3604876042, 0.737646229167 ,25.8693541667, 27.6307229167, -0.859635416667, #DIV/0!, 30
src07_hrc19, src07_hrc00_, 640x480, yuv422p, 43.179759342, 1.481481481, 30.746949, 0.919180, 0.947360, 480, 1.0582723125, 48.2262499167, 0,0, 0, 0.0229166666667, 41.7764691875, 0, 0,122.870833333, 31.5072030625, 0.756280979167 ,24.1371041667, #DIV/0!, -0.859635416667, #DIV/0!, 30
src07_hrc24, src07_hrc00_, 640x480, yuv422p, 46.9078080853, 1.259259259, 31.421158, 0.930297, 0.952114, 480, 1.05776847917, 50.5048288958, 0,0, 0, 0.0333333333333, 41.4437721667, 0, 0,122.59375, 31.3196385417, 0.771628791667 ,23.9432708333, #DIV/0!, -0.859635416667, #DIV/0!, 30
src07_hrc18, src07_hrc00_, 640x480, yuv422p, 56.2049411695, 2.37037037, 32.310327, 0.937098, 0.964613, 480, 1.056628625, 49.627582, 0,0, 0.00104166666667, 0.0208333333333, 42.4244193333, 0, 0,122.60625, 31.905836, 0.749176520833 ,24.9588125, 62.4354145833, -0.859635416667, #DIV/0!, 30
src07_hrc17, src07_hrc00_, 640x480, yuv422p, 64.0833583414, 2.888888889, 33.353997, 0.948182, 0.973539, 480, 1.05447833333, 50.4676621042, 0,0, 0.00104166666667, 0.0104166666667, 42.764146375, 0, 0,122.583333333, 32.1157743125, 0.751513625 ,25.5497291667, 39.1586520833, -0.859635416667, #DIV/0!, 30
src07_hrc05, src07_hrc00_, 640x480, yuv422p, 91.7768668261, 4.407407407, 41.432077, 0.991092, 0.995686, 480, 1.05455877083, 56.2973871042, 0,0, 0.00104166666667, 0.0166666666667, 43.2966808333, 0, 0,122.577083333, 32.4836401458, 0.737241458333 ,25.9370833333, #DIV/0!, -0.859635416667, #DIV/0!, 30
src07_hrc23, src07_hrc00_, 640x480, yuv422p, 67.7982551413, 2.185185185, 34.470196, 0.960503, 0.976609, 480, 1.0577728125, 53.3141200625, 0,0, 0.003125, 0.0229166666667, 42.4150625, 0, 0,122.752083333, 31.9526697708, 0.746759979167 ,25.6822083333, #DIV/0!, -0.859635416667, #DIV/0!, 30
src07_hrc28, src07_hrc00_, 640x480, yuv422p, 51.1827451371, 1.296296296, 32.768649, 0.944564, 0.954521, 480, 1.05939752083, 50.9951365625, 0,0, 0.00208333333333, 0.03125, 41.6216251667, 0, 0,122.56875, 31.3880724375, 0.741521979167 ,24.4887916667, 29.9696854167, -0.859635416667, #DIV/0!, 30
src07_hrc14, src07_hrc00_, 640x480, yuv422p, 83.2726392205, 3.925925926, 37.949857, 0.980574, 0.989733, 480, 1.05555866667, 55.1041269167, 0,0, 0.00208333333333, 0.025, 43.040938125, 0, 0,122.720833333, 32.3266645417, 0.7514338125 ,26.0630625, 24.3004354167, -0.859635416667, #DIV/0!, 30
src07_hrc09, src07_hrc00_, 640x480, yuv422p, 91.7162749806, 4.185185185, 41.469362, 0.991195, 0.995746, 480, 1.05405783333, 56.2832519583, 0,0, 0.00104166666667, 0.0229166666667, 43.2921679583, 0, 0,122.554166667, 32.4834431667, 0.735615 ,26.1553125, 18.8845520833, -0.859635416667, #DIV/0!, 30
src08_hrc28, src08_hrc00_, 640x480, yuv422p, 53.5064774003, 1.333333333, 32.940962, 0.943111, 0.958391, 480, 1.25006795833, 71.39199575, 0,0, 0, 0.0863708333333, 49.0749005417, 0, 0,118.627083333, 34.4482090833, 0.667398645833 ,28.4713958333, #DIV/0!, -0.859635416667, #DIV/0!, 30
src08_hrc24, src08_hrc00_, 640x480, yuv422p, 49.7550729844, 1.333333333, 31.510401, 0.939738, 0.961577, 480, 1.24747895833, 69.6602757292, 0,0, 0, 0.102814583333, 48.6525356667, 0, 0,118.779166667, 34.1314846875, 0.709499729167 ,28.5088125, #DIV/0!, -0.859635416667, #DIV/0!, 30
src08_hrc03, src08_hrc00_, 640x480, yuv422p, 81.2872601879, 3.148148148, 35.888879, 0.972983, 0.988048, 480, 1.23638247917, 73.9671482083, 0,0, 0, 0.0695291666667, 50.9463106875, 0, 0,118.33125, 35.6843564583, 0.644840479167 ,29.5252083333, #DIV/0!, -0.859635416667, #DIV/0!, 30
src08_hrc11, src08_hrc00_, 640x480, yuv422p, 72.643892904, 3.074074074, 34.778418, 0.968033, 0.983178, 480, 1.2387235625, 73.674455625, 0,0, 0, 0.0733520833333, 50.4343600417, 0, 0,118.422916667, 35.3296637083, 0.6477084375 ,29.0783333333, #DIV/0!, -0.859635416667, #DIV/0!, 30
src08_hrc15, src08_hrc00_, 640x480, yuv422p, 72.2929919281, 2.703703704, 34.774182, 0.968561, 0.983339, 480, 1.23929829167, 73.5589525625, 0,0, 0, 0.0812833333333, 50.2293036875, 0, 0,118.616666667, 35.2102078958, 0.665774541667 ,28.9560208333, #DIV/0!, -0.859635416667, #DIV/0!, 30
src08_hrc20, src08_hrc00_, 640x480, yuv422p, 27.4322418438, 1.037037037, 28.909050, 0.905050, 0.928938, 480, 1.26854489583, 66.9295721042, 0,0, 0, 0.0854166666667, 47.4369291667, 0, 0,118.658333333, 33.3141037292, 0.7033003125 ,27.8773541667, #DIV/0!, -0.859635416667, #DIV/0!, 30
src08_hrc16, src08_hrc00_, 640x480, yuv422p, 50.3657391881, 1.481481481, 31.553668, 0.940692, 0.962268, 480, 1.25016014583, 70.8974731667, 0,0, 0, 0.09049375, 48.924210625, 0, 0,118.629166667, 34.3318189375, 0.684624020833 ,28.1441458333, #DIV/0!, -0.859635416667, #DIV/0!, 30
src08_hrc22, src08_hrc00_, 640x480, yuv422p, 87.2524072008, 4.37037037, 38.248153, 0.985373, 0.992607, 480, 1.227673375, 76.2195688125, 0,0, 0, 0.0694645833333, 51.1126652292, 0, 0,118.3625, 35.7986310417, 0.649367354167 ,29.0735833333, #DIV/0!, -0.859635416667, #DIV/0!, 30
src08_hrc23, src08_hrc00_, 640x480, yuv422p, 73.6365511338, 2.814814815, 34.644521, 0.966837, 0.982490, 480, 1.23920333333, 74.1328972292, 0,0, 0, 0.0874333333333, 50.2752544583, 0, 0,118.7125, 35.2383477708, 0.676221916667 ,29.1445833333, #DIV/0!, -0.859635416667, #DIV/0!, 30
src08_hrc17, src08_hrc00_, 640x480, yuv422p, 64.1808928418, 2.666666667, 32.900127, 0.954805, 0.977516, 480, 1.24061625, 71.1533680208, 0,0, 0, 0.0625, 50.4057640417, 0, 0,118.320833333, 35.2956925417, 0.656584770833 ,29.0004791667, #DIV/0!, -0.859635416667, #DIV/0!, 30
src08_hrc18, src08_hrc00_, 640x480, yuv422p, 57.3860898157, 2.481481481, 32.074277, 0.945097, 0.970704, 480, 1.24415283333, 70.1048603958, 0,0, 0, 0.06875, 49.9583583125, 0, 0,118.489583333, 34.9807978958, 0.677990270833 ,29.0934375, #DIV/0!, -0.859635416667, #DIV/0!, 30
src08_hrc07, src08_hrc00_, 640x480, yuv422p, 76.0784589793, 3.037037037, 35.088229, 0.969049, 0.984640, 480, 1.235707, 73.9248687083, 0,0, 0, 0.0774270833333, 50.745462375, 0, 0,118.447916667, 35.5472399375, 0.659546770833 ,29.3171458333, #DIV/0!, -0.859635416667, #DIV/0!, 30
src08_hrc06, src08_hrc00_, 640x480, yuv422p, 86.6588674982, 4.037037037, 38.323071, 0.985531, 0.992968, 480, 1.23025097917, 76.1091907917, 0,0, 0, 0.06490625, 51.1143396875, 0, 0,118.377083333, 35.8029026875, 0.637970541667 ,29.161, #DIV/0!, -0.859635416667, #DIV/0!, 30
src08_hrc19, src08_hrc00_, 640x480, yuv422p, 44.1291989812, 1.518518519, 30.728306, 0.927737, 0.956002, 480, 1.25494529167, 68.4415384167, 0,0, 0, 0.0708333333333, 49.1115645833, 0, 0,118.44375, 34.3933803542, 0.677474979167 ,28.7381458333, #DIV/0!, -0.859635416667, #DIV/0!, 30
src08_hrc04, src08_hrc00_, 640x480, yuv422p, 74.8858241284, 2.851851852, 34.481520, 0.963769, 0.983936, 480, 1.23970314583, 71.765260375, 0,0, 0, 0.0732104166667, 50.4521502708, 0, 0,118.377083333, 35.3438214167, 0.660546583333 ,29.4408333333, #DIV/0!, -0.859635416667, #DIV/0!, 30
src08_hrc01, src08_hrc00_, 640x480, yuv422p, 93.0095061196, 4.666666667, 41.979614, 0.993587, 0.996893, 480, 1.22793989583, 77.434711625, 0,0, 0, 0.0628395833333, 51.4469445625, 0, 0,118.297916667, 36.0327564375, 0.610880833333 ,29.6385208333, #DIV/0!, -0.859635416667, #DIV/0!, 30
src08_hrc08, src08_hrc00_, 640x480, yuv422p, 67.2658544749, 2.333333333, 33.429878, 0.955276, 0.977755, 480, 1.24287983333, 71.3416881458, 0,0, 0, 0.078125, 50.1817699167, 0, 0,118.447916667, 35.1500788333, 0.678160354167 ,29.1490625, #DIV/0!, -0.859635416667, #DIV/0!, 30
src08_hrc14, src08_hrc00_, 640x480, yuv422p, 86.0778390187, 4.37037037, 38.415641, 0.985887, 0.993088, 480, 1.23303464583, 76.043159, 0,0, 0, 0.0736666666667, 51.0376013958, 0, 0,118.45, 35.7491488125, 0.6354920625 ,29.2909166667, #DIV/0!, -0.859635416667, #DIV/0!, 30
src08_hrc12, src08_hrc00_, 640x480, yuv422p, 55.399997898, 1.703703704, 32.095128, 0.943898, 0.967149, 480, 1.2481655625, 70.9993820833, 0,0, 0, 0.0901916666667, 49.7284811875, 0, 0,118.425, 34.8238581458, 0.669364375 ,28.6919583333, #DIV/0!, -0.859635416667, #DIV/0!, 30
src08_hrc21, src08_hrc00_, 640x480, yuv422p, 93.4979330826, 4.444444444, 41.721792, 0.993303, 0.996315, 480, 1.22545097917, 77.8460946458, 0,0, 0, 0.0668083333333, 51.5092052917, 0, 0,118.202083333, 36.0789893125, 0.648051270833 ,29.6529791667, #DIV/0!, -0.859635416667, #DIV/0!, 30
src08_hrc05, src08_hrc00_, 640x480, yuv422p, 92.7599186039, 4.592592593, 42.001777, 0.993666, 0.996924, 480, 1.228725625, 77.4429718958, 0,0, 0, 0.0713270833333, 51.4217981667, 0, 0,118.258333333, 36.0142697708, 0.621324520833 ,29.6348958333, #DIV/0!, -0.859635416667, #DIV/0!, 30
src08_hrc13, src08_hrc00_, 640x480, yuv422p, 92.7702060656, 4.518518519, 42.075461, 0.993781, 0.996987, 480, 1.228882625, 77.5175955833, 0,0, 0, 0.0652541666667, 51.4210341042, 0, 0,118.285416667, 36.0115750833, 0.610259291667 ,29.5978125, #DIV/0!, -0.859635416667, #DIV/0!, 30
src08_hrc09, src08_hrc00_, 640x480, yuv422p, 92.7233568888, 4.518518519, 42.049160, 0.993759, 0.996978, 480, 1.2289304375, 77.5059743333, 0,0, 0, 0.0691770833333, 51.4188701042, 0, 0,118.333333333, 36.0090433958, 0.614404104167 ,29.6791458333, #DIV/0!, -0.859635416667, #DIV/0!, 30
src08_hrc02, src08_hrc00_, 640x480, yuv422p, 87.8549311252, 4.296296296, 38.510272, 0.985680, 0.993298, 480, 1.2309655625, 76.1412497083, 0,0, 0, 0.07120625, 51.233891, 0, 0,118.341666667, 35.8838668333, 0.626015354167 ,29.6042083333, #DIV/0!, -0.859635416667, #DIV/0!, 30
src08_hrc10, src08_hrc00_, 640x480, yuv422p, 86.0081235205, 4.259259259, 38.381945, 0.985805, 0.993044, 480, 1.2327068125, 76.0238255, 0,0, 0, 0.0776666666667, 51.0244259792, 0, 0,118.370833333, 35.7408142917, 0.627978729167 ,29.4295208333, #DIV/0!, -0.859635416667, #DIV/0!, 30
src09_hrc19, src09_hrc00_, 640x480, yuv422p, 39.3186682495, 1.148148148, 30.313093, 0.914671, 0.949511, 480, 1.1231378125, 30.6467188125, 0,0, 0, 0, 38.5479776667, 0, 0,111.752083333, 36.6097738125, 0.484470854167 ,41.0440416667, 5.02317916667, -0.859635416667, #DIV/0!, 30
src09_hrc07, src09_hrc00_, 640x480, yuv422p, 73.7745421948, 1.777777778, 34.953528, 0.962060, 0.981758, 480, 1.12810172917, 37.8584620833, 0,0, 0, 0.25, 39.3383630417, 0, 0,111.929166667, 37.0523478333, 0.489924270833 ,44.1980833333, 5.67320625, -0.859635416667, #DIV/0!, 30
src09_hrc14, src09_hrc00_, 640x480, yuv422p, 84.1741740335, 3.444444444, 38.190501, 0.980626, 0.990781, 480, 1.124684375, 39.1338905208, 0,0, 0, 0.2375, 39.5670619375, 0, 0,111.914583333, 37.1755316875, 0.515514979167 ,44.3566041667, 4.62561041667, -0.859635416667, #DIV/0!, 30
src09_hrc01, src09_hrc00_, 640x480, yuv422p, 91.4068739066, 4.111111111, 41.575403, 0.990118, 0.995443, 480, 1.1267943125, 40.2478856042, 0,0, 0, 0.25, 39.7256726667, 0, 0,111.897916667, 37.2342361875, 0.5266494375 ,44.3841666667, 5.35277708333, -0.859635416667, #DIV/0!, 30
src09_hrc28, src09_hrc00_, 640x480, yuv422p, 51.1925352808, 1.111111111, 32.713888, 0.929900, 0.950073, 480, 1.121248375, 32.7609825208, 0,0, 0, 0.1, 38.6024161667, 0, 0,111.202083333, 36.63782725, 0.4935235625 ,42.2065833333, 4.8126375, -0.859635416667, #DIV/0!, 30
src09_hrc02, src09_hrc00_, 640x480, yuv422p, 86.6937837256, 3.148148148, 38.323818, 0.980872, 0.991409, 480, 1.1267938125, 39.3011545417, 0,0, 0, 0.25, 39.607614625, 0, 0,111.929166667, 37.1716735208, 0.544589458333 ,44.2984375, 5.81603125, -0.859635416667, #DIV/0!, 30
src09_hrc09, src09_hrc00_, 640x480, yuv422p, 91.1491721778, 4.444444444, 41.676345, 0.990468, 0.995616, 480, 1.12608847917, 40.2694581667, 0,0, 0, 0.25, 39.738464, 0, 0,111.9125, 37.2535424583, 0.520545541667 ,44.4638958333, 5.19667916667, -0.859635416667, #DIV/0!, 30
src09_hrc16, src09_hrc00_, 640x480, yuv422p, 48.6959330859, 1, 31.457845, 0.930704, 0.958157, 480, 1.1178469375, 33.7254614583, 0,0, 0, 0.1125, 38.5136519583, 0, 0,111.1, 36.5807618333, 0.4783686875 ,41.4849791667, 5.178925, -0.859635416667, #DIV/0!, 30
src09_hrc08, src09_hrc00_, 640x480, yuv422p, 65.5249148341, 1.62962963, 33.169530, 0.947305, 0.975212, 480, 1.13029970833, 35.63148975, 0,0, 0, 0.00416666666667, 39.0629059375, 0, 0,111.939583333, 36.9071939583, 0.4919891875 ,44.0784166667, 5.7178625, -0.859635416667, #DIV/0!, 30
src09_hrc04, src09_hrc00_, 640x480, yuv422p, 73.2105215233, 2.37037037, 34.107741, 0.957104, 0.982271, 480, 1.12929033333, 35.8108921667, 0,0, 0, 0.0520833333333, 39.1937438542, 0, 0,111.975, 36.9731981667, 0.561085208333 ,44.2430833333, 5.90040208333, -0.859635416667, #DIV/0!, 30
src09_hrc10, src09_hrc00_, 640x480, yuv422p, 84.2405695323, 3.074074074, 38.159120, 0.980521, 0.990729, 480, 1.1264153125, 39.2480451458, 0,0, 0, 0.2375, 39.5533256875, 0, 0,111.95, 37.1448226458, 0.512010291667 ,44.3219791667, 4.759025, -0.859635416667, #DIV/0!, 30
src09_hrc15, src09_hrc00_, 640x480, yuv422p, 68.5876817413, 1.62962963, 34.684529, 0.961520, 0.979880, 480, 1.12014645833, 36.6423330208, 0,0, 0, 0.24375, 39.1135201042, 0, 0,111.7875, 36.951385875, 0.4961970625 ,42.9885416667, 4.55485416667, -0.859635416667, #DIV/0!, 30
src09_hrc12, src09_hrc00_, 640x480, yuv422p, 53.1535333438, 1.074074074, 31.977480, 0.935086, 0.963722, 480, 1.12275814583, 34.2114890833, 0,0, 0, 0.202083333333, 38.8429823958, 0, 0,111.70625, 36.8038191875, 0.492297895833 ,41.2939583333, 5.27317916667, -0.859635416667, #DIV/0!, 30
src09_hrc05, src09_hrc00_, 640x480, yuv422p, 91.1367595203, 4.148148148, 41.651102, 0.990367, 0.995575, 480, 1.127336125, 40.3290845417, 0,0, 0, 0.25, 39.7232968333, 0, 0,111.9, 37.2344049375, 0.529725833333 ,44.495875, 5.06012083333, -0.859635416667, #DIV/0!, 30
src09_hrc23, src09_hrc00_, 640x480, yuv422p, 70.5947674891, 1.777777778, 34.896989, 0.962751, 0.980939, 480, 1.11965735417, 37.1243161042, 0,0, 0, 0.245833333333, 39.2286840833, 0, 0,111.954166667, 37.1038225833, 0.540888166667 ,41.6582708333, #DIV/0!, -0.859635416667, #DIV/0!, 30
src09_hrc11, src09_hrc00_, 640x480, yuv422p, 69.564566009, 1.518518519, 34.646862, 0.960701, 0.979526, 480, 1.1217554375, 36.9616534583, 0,0, 0, 0.24375, 39.2090679167, 0, 0,111.825, 36.9876133125, 0.497420895833 ,42.4115208333, 5.0473125, -0.859635416667, #DIV/0!, 30
src09_hrc13, src09_hrc00_, 640x480, yuv422p, 91.2788469419, 4.148148148, 41.700882, 0.990552, 0.995641, 480, 1.12567235417, 40.267333875, 0,0, 0, 0.25, 39.7508150417, 0, 0,111.864583333, 37.2694713542, 0.519904520833 ,44.442125, 5.19409583333, -0.859635416667, #DIV/0!, 30
src09_hrc03, src09_hrc00_, 640x480, yuv422p, 78.7931752196, 2.481481481, 35.790306, 0.967959, 0.986446, 480, 1.12676072917, 37.8611435833, 0,0, 0, 0.2375, 39.4381924375, 0, 0,111.927083333, 37.102994875, 0.5559019375 ,44.2399166667, 5.73492916667, -0.859635416667, #DIV/0!, 30
src09_hrc24, src09_hrc00_, 640x480, yuv422p, 50.8408750386, 1, 31.754611, 0.933144, 0.960078, 480, 1.1157545625, 34.2979766458, 0,0, 0, 0, 38.7706658333, 0, 0,111.683333333, 36.8619846667, 0.482385958333 ,39.600625, #DIV/0!, -0.859635416667, #DIV/0!, 30
src09_hrc06, src09_hrc00_, 640x480, yuv422p, 84.6722885518, 2.962962963, 38.124902, 0.980232, 0.990712, 480, 1.12849610417, 39.3234250833, 0,0, 0, 0.24375, 39.569315625, 0, 0,111.9625, 37.1371601458, 0.493980229167 ,44.3175833333, 4.87519791667, -0.859635416667, #DIV/0!, 30
src09_hrc22, src09_hrc00_, 640x480, yuv422p, 85.3152343662, 3.185185185, 38.391739, 0.981447, 0.991245, 480, 1.1244950625, 39.5366292917, 0,0, 0, 0.241666666667, 39.6327986042, 0, 0,111.8875, 37.2112202917, 0.550839645833 ,44.5842916667, #DIV/0!, -0.859635416667, #DIV/0!, 30
src09_hrc21, src09_hrc00_, 640x480, yuv422p, 91.4686823998, 4.222222222, 41.775730, 0.990752, 0.995610, 480, 1.12592066667, 40.4790235833, 0,0, 0, 0.25, 39.7764304792, 0, 0,111.864583333, 37.2788618542, 0.541525416667 ,44.5047708333, 233.033785417, -0.859635416667, #DIV/0!, 30
src09_hrc20, src09_hrc00_, 640x480, yuv422p, 27.1426074896, 1, 28.710936, 0.892653, 0.920213, 480, 1.11969260417, 28.2463549583, 0,0, 0, 0, 37.9162083333, 0, 0,110.679166667, 36.2838938333, 0.473500916667 ,40.0465, 4.92093125, -0.859635416667, #DIV/0!, 30
src09_hrc18, src09_hrc00_, 640x480, yuv422p, 52.9371134232, 1.740740741, 31.545374, 0.933471, 0.966675, 480, 1.1316445, 33.3401134792, 0,0, 0, 0, 38.9394135417, 0, 0,112.035416667, 36.7755678125, 0.4923670625 ,43.6201875, 5.40116875, -0.859635416667, #DIV/0!, 30
src09_hrc17, src09_hrc00_, 640x480, yuv422p, 59.7736914051, 2.518518519, 32.249408, 0.944340, 0.974117, 480, 1.130113375, 34.0896602708, 0,0, 0, 0, 39.139232875, 0, 0,112, 36.8714216667, 0.558557583333 ,44.25875, 5.50438958333, -0.859635416667, #DIV/0!, 30
fake1, ---, 1920x1080, 420, 0, 0, 0, 0, 0, 0, 0, 0, 0, 0, 0, 0, 0, 0, 0, 0, 0, 0, 0, 0, 0, , 24
fake2, ---, 3840x2160, 420, 0, 0, 0, 0, 0, 0, 0, 0, 0, 0, 0, 0, 0, 0, 0, 0, 0, 0, 0, 0, 0, , 24
fake3, ---, 640x480, 420, 0, 0, 0, 0, 0, 0, 0, 0, 0, 0, 0, 0, 0, 0, 0, 0, 0, 0, 0, 0, 0, , 24
fake4, ---, 704x576, 420, 0, 0, 0, 0, 0, 0, 0, 0, 0, 0, 0, 0, 0, 0, 0, 0, 0, 0, 0, 0, 0, , 24
fake5, ---, 352x288, 420, 0, 0, 0, 0, 0, 0, 0, 0, 0, 0, 0, 0, 0, 0, 0, 0, 0, 0, 0, 0, 0, , 24   